model_loaded,test_subject,n_input_channels,input_channels,n_reconstructed_channels,method,rmse,mae,pearson_r,r2,band_rmse_delta,band_rmse_theta,band_rmse_alpha,band_rmse_beta,band_rmse_gamma,n_test_trials,n_test_samples,channel
True,A01T,5,"Fz,C3,C4,Pz,POz",17,interpolation_residual,2.276219129562378,1.753525972366333,0.9741612672805786,0.9489078976386941,0.15367434421456735,0.17510359446901475,0.24577249946791535,0.9992785984683497,0.7687227198436861,273,20000,
True,A01T,5,"Fz,C3,C4,Pz,POz",17,interpolation_residual,2.1053056716918945,1.6704365015029907,0.9777534604072571,0.9555547833442688,0.15367434421456735,0.17510359446901475,0.24577249946791535,0.9992785984683497,0.7687227198436861,273,20000,FC3
True,A01T,5,"Fz,C3,C4,Pz,POz",17,interpolation_residual,2.2664237022399902,1.7707372903823853,0.9776239991188049,0.9554083943367004,0.15367434421456735,0.17510359446901475,0.24577249946791535,0.9992785984683497,0.7687227198436861,273,20000,FC1
True,A01T,5,"Fz,C3,C4,Pz,POz",17,interpolation_residual,2.9194247722625732,2.2753727436065674,0.9662198424339294,0.9329483509063721,0.15367434421456735,0.17510359446901475,0.24577249946791535,0.9992785984683497,0.7687227198436861,273,20000,FCz
True,A01T,5,"Fz,C3,C4,Pz,POz",17,interpolation_residual,2.086040496826172,1.6287987232208252,0.9816063046455383,0.9629219174385071,0.15367434421456735,0.17510359446901475,0.24577249946791535,0.9992785984683497,0.7687227198436861,273,20000,FC2
True,A01T,5,"Fz,C3,C4,Pz,POz",17,interpolation_residual,2.218747138977051,1.7513738870620728,0.9774249196052551,0.9545422792434692,0.15367434421456735,0.17510359446901475,0.24577249946791535,0.9992785984683497,0.7687227198436861,273,20000,FC4
True,A01T,5,"Fz,C3,C4,Pz,POz",17,interpolation_residual,2.9957399368286133,2.3908286094665527,0.9288506507873535,0.862657904624939,0.15367434421456735,0.17510359446901475,0.24577249946791535,0.9992785984683497,0.7687227198436861,273,20000,C5
True,A01T,5,"Fz,C3,C4,Pz,POz",17,interpolation_residual,2.1383895874023438,1.6920477151870728,0.9782646894454956,0.9568538069725037,0.15367434421456735,0.17510359446901475,0.24577249946791535,0.9992785984683497,0.7687227198436861,273,20000,C1
True,A01T,5,"Fz,C3,C4,Pz,POz",17,interpolation_residual,2.8688158988952637,2.2629239559173584,0.9658665060997009,0.9322965741157532,0.15367434421456735,0.17510359446901475,0.24577249946791535,0.9992785984683497,0.7687227198436861,273,20000,Cz
True,A01T,5,"Fz,C3,C4,Pz,POz",17,interpolation_residual,2.0454490184783936,1.6183584928512573,0.981046736240387,0.9619821906089783,0.15367434421456735,0.17510359446901475,0.24577249946791535,0.9992785984683497,0.7687227198436861,273,20000,C2
True,A01T,5,"Fz,C3,C4,Pz,POz",17,interpolation_residual,3.3202483654022217,2.6407527923583984,0.9289302229881287,0.8615401387214661,0.15367434421456735,0.17510359446901475,0.24577249946791535,0.9992785984683497,0.7687227198436861,273,20000,C6
True,A01T,5,"Fz,C3,C4,Pz,POz",17,interpolation_residual,2.227792501449585,1.756331443786621,0.9721451997756958,0.9442123770713806,0.15367434421456735,0.17510359446901475,0.24577249946791535,0.9992785984683497,0.7687227198436861,273,20000,CP3
True,A01T,5,"Fz,C3,C4,Pz,POz",17,interpolation_residual,1.7686331272125244,1.419376015663147,0.984069287776947,0.9680162072181702,0.15367434421456735,0.17510359446901475,0.24577249946791535,0.9992785984683497,0.7687227198436861,273,20000,CP1
True,A01T,5,"Fz,C3,C4,Pz,POz",17,interpolation_residual,1.9568121433258057,1.5509297847747803,0.981885552406311,0.9639295339584351,0.15367434421456735,0.17510359446901475,0.24577249946791535,0.9992785984683497,0.7687227198436861,273,20000,CPz
True,A01T,5,"Fz,C3,C4,Pz,POz",17,interpolation_residual,1.5722544193267822,1.2448925971984863,0.9877389669418335,0.9754905700683594,0.15367434421456735,0.17510359446901475,0.24577249946791535,0.9992785984683497,0.7687227198436861,273,20000,CP2
True,A01T,5,"Fz,C3,C4,Pz,POz",17,interpolation_residual,1.874295949935913,1.4770926237106323,0.9814685583114624,0.9632526636123657,0.15367434421456735,0.17510359446901475,0.24577249946791535,0.9992785984683497,0.7687227198436861,273,20000,CP4
True,A01T,5,"Fz,C3,C4,Pz,POz",17,interpolation_residual,1.8266453742980957,1.420961618423462,0.9816471338272095,0.9636080861091614,0.15367434421456735,0.17510359446901475,0.24577249946791535,0.9992785984683497,0.7687227198436861,273,20000,P1
True,A01T,5,"Fz,C3,C4,Pz,POz",17,interpolation_residual,1.5768228769302368,1.2387125492095947,0.9864972829818726,0.9731525778770447,0.15367434421456735,0.17510359446901475,0.24577249946791535,0.9992785984683497,0.7687227198436861,273,20000,P2
True,A01T,10,"Fz,FC3,FC4,C3,Cz,C4,CP3,CP4,Pz,POz",12,interpolation_residual,1.8275071382522583,1.3852895498275757,0.9832978248596191,0.9668725522692293,0.11438005686452962,0.11259674757575186,0.16671585146435852,0.6659654617948603,0.5184314004758147,273,20000,
True,A01T,10,"Fz,FC3,FC4,C3,Cz,C4,CP3,CP4,Pz,POz",12,interpolation_residual,1.6905461549758911,1.3375468254089355,0.9875228404998779,0.9751902222633362,0.11438005686452962,0.11259674757575186,0.16671585146435852,0.6659654617948603,0.5184314004758147,273,20000,FC1
True,A01T,10,"Fz,FC3,FC4,C3,Cz,C4,CP3,CP4,Pz,POz",12,interpolation_residual,2.0417604446411133,1.561179757118225,0.9836931228637695,0.9672038555145264,0.11438005686452962,0.11259674757575186,0.16671585146435852,0.6659654617948603,0.5184314004758147,273,20000,FCz
True,A01T,10,"Fz,FC3,FC4,C3,Cz,C4,CP3,CP4,Pz,POz",12,interpolation_residual,1.5891423225402832,1.2686067819595337,0.9892541170120239,0.978482186794281,0.11438005686452962,0.11259674757575186,0.16671585146435852,0.6659654617948603,0.5184314004758147,273,20000,FC2
True,A01T,10,"Fz,FC3,FC4,C3,Cz,C4,CP3,CP4,Pz,POz",12,interpolation_residual,2.7165367603302,2.1642098426818848,0.942898154258728,0.887065589427948,0.11438005686452962,0.11259674757575186,0.16671585146435852,0.6659654617948603,0.5184314004758147,273,20000,C5
True,A01T,10,"Fz,FC3,FC4,C3,Cz,C4,CP3,CP4,Pz,POz",12,interpolation_residual,1.707379937171936,1.3788174390792847,0.9861831665039062,0.9724939465522766,0.11438005686452962,0.11259674757575186,0.16671585146435852,0.6659654617948603,0.5184314004758147,273,20000,C1
True,A01T,10,"Fz,FC3,FC4,C3,Cz,C4,CP3,CP4,Pz,POz",12,interpolation_residual,1.6072999238967896,1.3008676767349243,0.9882136583328247,0.9765251278877258,0.11438005686452962,0.11259674757575186,0.16671585146435852,0.6659654617948603,0.5184314004758147,273,20000,C2
True,A01T,10,"Fz,FC3,FC4,C3,Cz,C4,CP3,CP4,Pz,POz",12,interpolation_residual,2.934382438659668,2.3327231407165527,0.9448977708816528,0.8918523788452148,0.11438005686452962,0.11259674757575186,0.16671585146435852,0.6659654617948603,0.5184314004758147,273,20000,C6
True,A01T,10,"Fz,FC3,FC4,C3,Cz,C4,CP3,CP4,Pz,POz",12,interpolation_residual,1.5117754936218262,1.2216460704803467,0.9882751703262329,0.9766315817832947,0.11438005686452962,0.11259674757575186,0.16671585146435852,0.6659654617948603,0.5184314004758147,273,20000,CP1
True,A01T,10,"Fz,FC3,FC4,C3,Cz,C4,CP3,CP4,Pz,POz",12,interpolation_residual,1.3490397930145264,1.0623369216918945,0.9913941025733948,0.9828563928604126,0.11438005686452962,0.11259674757575186,0.16671585146435852,0.6659654617948603,0.5184314004758147,273,20000,CPz
True,A01T,10,"Fz,FC3,FC4,C3,Cz,C4,CP3,CP4,Pz,POz",12,interpolation_residual,1.2134557962417603,0.9580860137939453,0.9927128553390503,0.9854006171226501,0.11438005686452962,0.11259674757575186,0.16671585146435852,0.6659654617948603,0.5184314004758147,273,20000,CP2
True,A01T,10,"Fz,FC3,FC4,C3,Cz,C4,CP3,CP4,Pz,POz",12,interpolation_residual,1.4709124565124512,1.1422410011291504,0.988233208656311,0.9764022827148438,0.11438005686452962,0.11259674757575186,0.16671585146435852,0.6659654617948603,0.5184314004758147,273,20000,P1
True,A01T,10,"Fz,FC3,FC4,C3,Cz,C4,CP3,CP4,Pz,POz",12,interpolation_residual,1.1380159854888916,0.8951968550682068,0.9930742979049683,0.9860159754753113,0.11438005686452962,0.11259674757575186,0.16671585146435852,0.6659654617948603,0.5184314004758147,273,20000,P2
True,A01T,15,"Fz,FC3,FC1,FC2,FC4,C3,C1,Cz,C2,C4,CP3,CP1,CP2,CP4,Pz",7,interpolation_residual,1.9925037622451782,1.5006017684936523,0.9786077737808228,0.9575602985371163,0.08949118439502098,0.0836701693604432,0.15183084989194598,0.47795609854864723,0.40613634742719884,273,20000,
True,A01T,15,"Fz,FC3,FC1,FC2,FC4,C3,C1,Cz,C2,C4,CP3,CP1,CP2,CP4,Pz",7,interpolation_residual,1.8291031122207642,1.3880165815353394,0.9870131015777588,0.9736796021461487,0.08949118439502098,0.0836701693604432,0.15183084989194598,0.47795609854864723,0.40613634742719884,273,20000,FCz
True,A01T,15,"Fz,FC3,FC1,FC2,FC4,C3,C1,Cz,C2,C4,CP3,CP1,CP2,CP4,Pz",7,interpolation_residual,2.5073752403259277,1.9944126605987549,0.9507965445518494,0.9037870764732361,0.08949118439502098,0.0836701693604432,0.15183084989194598,0.47795609854864723,0.40613634742719884,273,20000,C5
True,A01T,15,"Fz,FC3,FC1,FC2,FC4,C3,C1,Cz,C2,C4,CP3,CP1,CP2,CP4,Pz",7,interpolation_residual,2.7253305912017822,2.168222427368164,0.9525938630104065,0.9067131280899048,0.08949118439502098,0.0836701693604432,0.15183084989194598,0.47795609854864723,0.40613634742719884,273,20000,C6
True,A01T,15,"Fz,FC3,FC1,FC2,FC4,C3,C1,Cz,C2,C4,CP3,CP1,CP2,CP4,Pz",7,interpolation_residual,1.3680119514465332,1.0771114826202393,0.9914324879646301,0.9823707938194275,0.08949118439502098,0.0836701693604432,0.15183084989194598,0.47795609854864723,0.40613634742719884,273,20000,CPz
True,A01T,15,"Fz,FC3,FC1,FC2,FC4,C3,C1,Cz,C2,C4,CP3,CP1,CP2,CP4,Pz",7,interpolation_residual,1.4067409038543701,1.0939327478408813,0.9893759489059448,0.978416383266449,0.08949118439502098,0.0836701693604432,0.15183084989194598,0.47795609854864723,0.40613634742719884,273,20000,P1
True,A01T,15,"Fz,FC3,FC1,FC2,FC4,C3,C1,Cz,C2,C4,CP3,CP1,CP2,CP4,Pz",7,interpolation_residual,1.1767258644104004,0.9268667101860046,0.9926057457923889,0.9850484728813171,0.08949118439502098,0.0836701693604432,0.15183084989194598,0.47795609854864723,0.40613634742719884,273,20000,P2
True,A01T,15,"Fz,FC3,FC1,FC2,FC4,C3,C1,Cz,C2,C4,CP3,CP1,CP2,CP4,Pz",7,interpolation_residual,2.3442397117614746,1.855635166168213,0.9700598120689392,0.9404510855674744,0.08949118439502098,0.0836701693604432,0.15183084989194598,0.47795609854864723,0.40613634742719884,273,20000,POz
True,A02T,5,"Fz,C3,C4,Pz,POz",17,interpolation_residual,2.152590751647949,1.5969165563583374,0.9698176383972168,0.9404522610406204,0.17460619113231518,0.1809557216356072,0.2426734617267418,0.8597348810054761,0.745882443151709,270,20000,
True,A02T,5,"Fz,C3,C4,Pz,POz",17,interpolation_residual,1.6884042024612427,1.3325998783111572,0.9792119264602661,0.958281397819519,0.17460619113231518,0.1809557216356072,0.2426734617267418,0.8597348810054761,0.745882443151709,270,20000,FC3
True,A02T,5,"Fz,C3,C4,Pz,POz",17,interpolation_residual,1.9249264001846313,1.5178899765014648,0.9775835275650024,0.9556071162223816,0.17460619113231518,0.1809557216356072,0.2426734617267418,0.8597348810054761,0.745882443151709,270,20000,FC1
True,A02T,5,"Fz,C3,C4,Pz,POz",17,interpolation_residual,2.5211892127990723,1.9998455047607422,0.9655368328094482,0.9322366714477539,0.17460619113231518,0.1809557216356072,0.2426734617267418,0.8597348810054761,0.745882443151709,270,20000,FCz
True,A02T,5,"Fz,C3,C4,Pz,POz",17,interpolation_residual,2.8862807750701904,2.2781100273132324,0.9536150097846985,0.9085728526115417,0.17460619113231518,0.1809557216356072,0.2426734617267418,0.8597348810054761,0.745882443151709,270,20000,FC2
True,A02T,5,"Fz,C3,C4,Pz,POz",17,interpolation_residual,2.573948860168457,2.0262579917907715,0.9600891470909119,0.9215212464332581,0.17460619113231518,0.1809557216356072,0.2426734617267418,0.8597348810054761,0.745882443151709,270,20000,FC4
True,A02T,5,"Fz,C3,C4,Pz,POz",17,interpolation_residual,3.457369565963745,2.52258038520813,0.8799756169319153,0.773514986038208,0.17460619113231518,0.1809557216356072,0.2426734617267418,0.8597348810054761,0.745882443151709,270,20000,C5
True,A02T,5,"Fz,C3,C4,Pz,POz",17,interpolation_residual,1.9847757816314697,1.5773078203201294,0.9749912619590759,0.9503900408744812,0.17460619113231518,0.1809557216356072,0.2426734617267418,0.8597348810054761,0.745882443151709,270,20000,C1
True,A02T,5,"Fz,C3,C4,Pz,POz",17,interpolation_residual,2.4790961742401123,1.9560210704803467,0.9661605954170227,0.9333367943763733,0.17460619113231518,0.1809557216356072,0.2426734617267418,0.8597348810054761,0.745882443151709,270,20000,Cz
True,A02T,5,"Fz,C3,C4,Pz,POz",17,interpolation_residual,1.8369264602661133,1.4632474184036255,0.9803116321563721,0.9607048630714417,0.17460619113231518,0.1809557216356072,0.2426734617267418,0.8597348810054761,0.745882443151709,270,20000,C2
True,A02T,5,"Fz,C3,C4,Pz,POz",17,interpolation_residual,3.2932851314544678,2.502364158630371,0.9293175339698792,0.8614941239356995,0.17460619113231518,0.1809557216356072,0.2426734617267418,0.8597348810054761,0.745882443151709,270,20000,C6
True,A02T,5,"Fz,C3,C4,Pz,POz",17,interpolation_residual,1.3984065055847168,1.1082419157028198,0.9845179915428162,0.9690316319465637,0.17460619113231518,0.1809557216356072,0.2426734617267418,0.8597348810054761,0.745882443151709,270,20000,CP3
True,A02T,5,"Fz,C3,C4,Pz,POz",17,interpolation_residual,1.616471529006958,1.3074142932891846,0.9821606278419495,0.9643166065216064,0.17460619113231518,0.1809557216356072,0.2426734617267418,0.8597348810054761,0.745882443151709,270,20000,CP1
True,A02T,5,"Fz,C3,C4,Pz,POz",17,interpolation_residual,1.4821052551269531,1.176836371421814,0.986516535282135,0.9727935194969177,0.17460619113231518,0.1809557216356072,0.2426734617267418,0.8597348810054761,0.745882443151709,270,20000,CPz
True,A02T,5,"Fz,C3,C4,Pz,POz",17,interpolation_residual,1.4136674404144287,1.119370460510254,0.9879344701766968,0.9750714302062988,0.17460619113231518,0.1809557216356072,0.2426734617267418,0.8597348810054761,0.745882443151709,270,20000,CP2
True,A02T,5,"Fz,C3,C4,Pz,POz",17,interpolation_residual,1.759537935256958,1.3983502388000488,0.9806697964668274,0.9601273536682129,0.17460619113231518,0.1809557216356072,0.2426734617267418,0.8597348810054761,0.745882443151709,270,20000,CP4
True,A02T,5,"Fz,C3,C4,Pz,POz",17,interpolation_residual,1.2228518724441528,0.9629780054092407,0.9885402321815491,0.9771510362625122,0.17460619113231518,0.1809557216356072,0.2426734617267418,0.8597348810054761,0.745882443151709,270,20000,P1
True,A02T,5,"Fz,C3,C4,Pz,POz",17,interpolation_residual,1.135831356048584,0.8981736302375793,0.9910967946052551,0.982268214225769,0.17460619113231518,0.1809557216356072,0.2426734617267418,0.8597348810054761,0.745882443151709,270,20000,P2
True,A02T,10,"Fz,FC3,FC4,C3,Cz,C4,CP3,CP4,Pz,POz",12,interpolation_residual,1.9044163227081299,1.3469483852386475,0.976505696773529,0.9535567923172644,0.17580542978012811,0.196278779768862,0.26053357341650507,0.8945040859445413,0.7899351746047635,270,20000,
True,A02T,10,"Fz,FC3,FC4,C3,Cz,C4,CP3,CP4,Pz,POz",12,interpolation_residual,1.5116925239562988,1.206659197807312,0.9862431287765503,0.9726213216781616,0.17580542978012811,0.196278779768862,0.26053357341650507,0.8945040859445413,0.7899351746047635,270,20000,FC1
True,A02T,10,"Fz,FC3,FC4,C3,Cz,C4,CP3,CP4,Pz,POz",12,interpolation_residual,1.4943352937698364,1.1875818967819214,0.9889847040176392,0.9761943817138672,0.17580542978012811,0.196278779768862,0.26053357341650507,0.8945040859445413,0.7899351746047635,270,20000,FCz
True,A02T,10,"Fz,FC3,FC4,C3,Cz,C4,CP3,CP4,Pz,POz",12,interpolation_residual,2.6317906379699707,2.0914270877838135,0.9613563418388367,0.9239847660064697,0.17580542978012811,0.196278779768862,0.26053357341650507,0.8945040859445413,0.7899351746047635,270,20000,FC2
True,A02T,10,"Fz,FC3,FC4,C3,Cz,C4,CP3,CP4,Pz,POz",12,interpolation_residual,3.3587734699249268,2.409031629562378,0.8870044946670532,0.7862472534179688,0.17580542978012811,0.196278779768862,0.26053357341650507,0.8945040859445413,0.7899351746047635,270,20000,C5
True,A02T,10,"Fz,FC3,FC4,C3,Cz,C4,CP3,CP4,Pz,POz",12,interpolation_residual,1.6851497888565063,1.3557732105255127,0.9819952249526978,0.9642379283905029,0.17580542978012811,0.196278779768862,0.26053357341650507,0.8945040859445413,0.7899351746047635,270,20000,C1
True,A02T,10,"Fz,FC3,FC4,C3,Cz,C4,CP3,CP4,Pz,POz",12,interpolation_residual,1.4631693363189697,1.1902623176574707,0.987709641456604,0.9750686883926392,0.17580542978012811,0.196278779768862,0.26053357341650507,0.8945040859445413,0.7899351746047635,270,20000,C2
True,A02T,10,"Fz,FC3,FC4,C3,Cz,C4,CP3,CP4,Pz,POz",12,interpolation_residual,3.10856032371521,2.3168065547943115,0.9379112124443054,0.8765964508056641,0.17580542978012811,0.196278779768862,0.26053357341650507,0.8945040859445413,0.7899351746047635,270,20000,C6
True,A02T,10,"Fz,FC3,FC4,C3,Cz,C4,CP3,CP4,Pz,POz",12,interpolation_residual,1.3212120532989502,1.082991123199463,0.9880318641662598,0.9761616587638855,0.17580542978012811,0.196278779768862,0.26053357341650507,0.8945040859445413,0.7899351746047635,270,20000,CP1
True,A02T,10,"Fz,FC3,FC4,C3,Cz,C4,CP3,CP4,Pz,POz",12,interpolation_residual,0.968718409538269,0.7713093757629395,0.9944430589675903,0.9883772730827332,0.17580542978012811,0.196278779768862,0.26053357341650507,0.8945040859445413,0.7899351746047635,270,20000,CPz
True,A02T,10,"Fz,FC3,FC4,C3,Cz,C4,CP3,CP4,Pz,POz",12,interpolation_residual,1.165006160736084,0.918843150138855,0.9919546246528625,0.9830700755119324,0.17580542978012811,0.196278779768862,0.26053357341650507,0.8945040859445413,0.7899351746047635,270,20000,CP2
True,A02T,10,"Fz,FC3,FC4,C3,Cz,C4,CP3,CP4,Pz,POz",12,interpolation_residual,1.0268079042434692,0.8169653415679932,0.9920411705970764,0.9838899374008179,0.17580542978012811,0.196278779768862,0.26053357341650507,0.8945040859445413,0.7899351746047635,270,20000,P1
True,A02T,10,"Fz,FC3,FC4,C3,Cz,C4,CP3,CP4,Pz,POz",12,interpolation_residual,1.0277653932571411,0.8157334923744202,0.9929766654968262,0.9854817390441895,0.17580542978012811,0.196278779768862,0.26053357341650507,0.8945040859445413,0.7899351746047635,270,20000,P2
True,A02T,15,"Fz,FC3,FC1,FC2,FC4,C3,C1,Cz,C2,C4,CP3,CP1,CP2,CP4,Pz",7,interpolation_residual,1.9622818231582642,1.3284382820129395,0.973079264163971,0.9468454573457762,0.1809450384962269,0.2277393234980764,0.261164644147546,1.0154853710531642,0.8693571603844283,270,20000,
True,A02T,15,"Fz,FC3,FC1,FC2,FC4,C3,C1,Cz,C2,C4,CP3,CP1,CP2,CP4,Pz",7,interpolation_residual,1.209063172340393,0.9585104584693909,0.9923401474952698,0.9844158291816711,0.1809450384962269,0.2277393234980764,0.261164644147546,1.0154853710531642,0.8693571603844283,270,20000,FCz
True,A02T,15,"Fz,FC3,FC1,FC2,FC4,C3,C1,Cz,C2,C4,CP3,CP1,CP2,CP4,Pz",7,interpolation_residual,3.2160136699676514,2.2582569122314453,0.8969107866287231,0.8040318489074707,0.1809450384962269,0.2277393234980764,0.261164644147546,1.0154853710531642,0.8693571603844283,270,20000,C5
True,A02T,15,"Fz,FC3,FC1,FC2,FC4,C3,C1,Cz,C2,C4,CP3,CP1,CP2,CP4,Pz",7,interpolation_residual,2.9491240978240967,2.1856448650360107,0.9438377022743225,0.88893061876297,0.1809450384962269,0.2277393234980764,0.261164644147546,1.0154853710531642,0.8693571603844283,270,20000,C6
True,A02T,15,"Fz,FC3,FC1,FC2,FC4,C3,C1,Cz,C2,C4,CP3,CP1,CP2,CP4,Pz",7,interpolation_residual,0.9129272103309631,0.72712641954422,0.9948302507400513,0.9896774888038635,0.1809450384962269,0.2277393234980764,0.261164644147546,1.0154853710531642,0.8693571603844283,270,20000,CPz
True,A02T,15,"Fz,FC3,FC1,FC2,FC4,C3,C1,Cz,C2,C4,CP3,CP1,CP2,CP4,Pz",7,interpolation_residual,1.1516454219818115,0.9123221635818481,0.9899876117706299,0.9797345995903015,0.1809450384962269,0.2277393234980764,0.261164644147546,1.0154853710531642,0.8693571603844283,270,20000,P1
True,A02T,15,"Fz,FC3,FC1,FC2,FC4,C3,C1,Cz,C2,C4,CP3,CP1,CP2,CP4,Pz",7,interpolation_residual,1.0795719623565674,0.8554961681365967,0.9921218752861023,0.9839811325073242,0.1809450384962269,0.2277393234980764,0.261164644147546,1.0154853710531642,0.8693571603844283,270,20000,P2
True,A02T,15,"Fz,FC3,FC1,FC2,FC4,C3,C1,Cz,C2,C4,CP3,CP1,CP2,CP4,Pz",7,interpolation_residual,1.7682498693466187,1.4017218351364136,0.9764599800109863,0.9505652785301208,0.1809450384962269,0.2277393234980764,0.261164644147546,1.0154853710531642,0.8693571603844283,270,20000,POz
True,A03T,5,"Fz,C3,C4,Pz,POz",17,interpolation_residual,2.4946413040161133,1.8574856519699097,0.9777911305427551,0.9559846116927038,0.2876550054956391,0.39597172045385487,0.4280163734840743,1.7679811541800607,1.6015677712373466,270,20000,
True,A03T,5,"Fz,C3,C4,Pz,POz",17,interpolation_residual,2.350957155227661,1.8443588018417358,0.9786418080329895,0.957281768321991,0.2876550054956391,0.39597172045385487,0.4280163734840743,1.7679811541800607,1.6015677712373466,270,20000,FC3
True,A03T,5,"Fz,C3,C4,Pz,POz",17,interpolation_residual,2.111342430114746,1.669529914855957,0.984009861946106,0.9675409197807312,0.2876550054956391,0.39597172045385487,0.4280163734840743,1.7679811541800607,1.6015677712373466,270,20000,FC1
True,A03T,5,"Fz,C3,C4,Pz,POz",17,interpolation_residual,2.5958991050720215,2.065075159072876,0.9765976667404175,0.9529942274093628,0.2876550054956391,0.39597172045385487,0.4280163734840743,1.7679811541800607,1.6015677712373466,270,20000,FCz
True,A03T,5,"Fz,C3,C4,Pz,POz",17,interpolation_residual,2.021294116973877,1.5956169366836548,0.985146701335907,0.9702541828155518,0.2876550054956391,0.39597172045385487,0.4280163734840743,1.7679811541800607,1.6015677712373466,270,20000,FC2
True,A03T,5,"Fz,C3,C4,Pz,POz",17,interpolation_residual,2.2944300174713135,1.7881407737731934,0.9803037643432617,0.9608072638511658,0.2876550054956391,0.39597172045385487,0.4280163734840743,1.7679811541800607,1.6015677712373466,270,20000,FC4
True,A03T,5,"Fz,C3,C4,Pz,POz",17,interpolation_residual,4.29178524017334,3.0318357944488525,0.9197018146514893,0.8398975133895874,0.2876550054956391,0.39597172045385487,0.4280163734840743,1.7679811541800607,1.6015677712373466,270,20000,C5
True,A03T,5,"Fz,C3,C4,Pz,POz",17,interpolation_residual,2.3695790767669678,1.8673697710037231,0.9806884527206421,0.9606695771217346,0.2876550054956391,0.39597172045385487,0.4280163734840743,1.7679811541800607,1.6015677712373466,270,20000,C1
True,A03T,5,"Fz,C3,C4,Pz,POz",17,interpolation_residual,3.041412591934204,2.411306619644165,0.9699764251708984,0.9378262758255005,0.2876550054956391,0.39597172045385487,0.4280163734840743,1.7679811541800607,1.6015677712373466,270,20000,Cz
True,A03T,5,"Fz,C3,C4,Pz,POz",17,interpolation_residual,2.3197367191314697,1.8377138376235962,0.9815424084663391,0.9616796374320984,0.2876550054956391,0.39597172045385487,0.4280163734840743,1.7679811541800607,1.6015677712373466,270,20000,C2
True,A03T,5,"Fz,C3,C4,Pz,POz",17,interpolation_residual,3.973381519317627,3.000380516052246,0.9470835328102112,0.8853574395179749,0.2876550054956391,0.39597172045385487,0.4280163734840743,1.7679811541800607,1.6015677712373466,270,20000,C6
True,A03T,5,"Fz,C3,C4,Pz,POz",17,interpolation_residual,1.76615571975708,1.3933762311935425,0.9888802766799927,0.977875292301178,0.2876550054956391,0.39597172045385487,0.4280163734840743,1.7679811541800607,1.6015677712373466,270,20000,CP3
True,A03T,5,"Fz,C3,C4,Pz,POz",17,interpolation_residual,1.8318264484405518,1.4584035873413086,0.9883160591125488,0.9765965938568115,0.2876550054956391,0.39597172045385487,0.4280163734840743,1.7679811541800607,1.6015677712373466,270,20000,CP1
True,A03T,5,"Fz,C3,C4,Pz,POz",17,interpolation_residual,1.9957331418991089,1.5826340913772583,0.9868772029876709,0.9736044406890869,0.2876550054956391,0.39597172045385487,0.4280163734840743,1.7679811541800607,1.6015677712373466,270,20000,CPz
True,A03T,5,"Fz,C3,C4,Pz,POz",17,interpolation_residual,1.735973834991455,1.3670083284378052,0.9898480772972107,0.979631781578064,0.2876550054956391,0.39597172045385487,0.4280163734840743,1.7679811541800607,1.6015677712373466,270,20000,CP2
True,A03T,5,"Fz,C3,C4,Pz,POz",17,interpolation_residual,1.976760983467102,1.5653467178344727,0.986565351486206,0.9731671810150146,0.2876550054956391,0.39597172045385487,0.4280163734840743,1.7679811541800607,1.6015677712373466,270,20000,CP4
True,A03T,5,"Fz,C3,C4,Pz,POz",17,interpolation_residual,2.1148433685302734,1.6564632654190063,0.9857162833213806,0.9706358909606934,0.2876550054956391,0.39597172045385487,0.4280163734840743,1.7679811541800607,1.6015677712373466,270,20000,P1
True,A03T,5,"Fz,C3,C4,Pz,POz",17,interpolation_residual,1.8483052253723145,1.442691445350647,0.9890909194946289,0.9779983162879944,0.2876550054956391,0.39597172045385487,0.4280163734840743,1.7679811541800607,1.6015677712373466,270,20000,P2
True,A03T,10,"Fz,FC3,FC4,C3,Cz,C4,CP3,CP4,Pz,POz",12,interpolation_residual,2.2286250591278076,1.563896894454956,0.9823650121688843,0.9650284857928811,0.2887061915047087,0.40645022319985846,0.4575565447805914,1.8064544862174696,1.7037290462978032,270,20000,
True,A03T,10,"Fz,FC3,FC4,C3,Cz,C4,CP3,CP4,Pz,POz",12,interpolation_residual,1.7031067609786987,1.359856367111206,0.9896096587181091,0.9788795113563538,0.2887061915047087,0.40645022319985846,0.4575565447805914,1.8064544862174696,1.7037290462978032,270,20000,FC1
True,A03T,10,"Fz,FC3,FC4,C3,Cz,C4,CP3,CP4,Pz,POz",12,interpolation_residual,1.5833818912506104,1.2590539455413818,0.991601824760437,0.9825116991996765,0.2887061915047087,0.40645022319985846,0.4575565447805914,1.8064544862174696,1.7037290462978032,270,20000,FCz
True,A03T,10,"Fz,FC3,FC4,C3,Cz,C4,CP3,CP4,Pz,POz",12,interpolation_residual,1.613911747932434,1.290160059928894,0.9905775785446167,0.9810363054275513,0.2887061915047087,0.40645022319985846,0.4575565447805914,1.8064544862174696,1.7037290462978032,270,20000,FC2
True,A03T,10,"Fz,FC3,FC4,C3,Cz,C4,CP3,CP4,Pz,POz",12,interpolation_residual,4.100528240203857,2.8447422981262207,0.9255483150482178,0.8538498282432556,0.2887061915047087,0.40645022319985846,0.4575565447805914,1.8064544862174696,1.7037290462978032,270,20000,C5
True,A03T,10,"Fz,FC3,FC4,C3,Cz,C4,CP3,CP4,Pz,POz",12,interpolation_residual,1.9886385202407837,1.5777201652526855,0.9861131906509399,0.9722988605499268,0.2887061915047087,0.40645022319985846,0.4575565447805914,1.8064544862174696,1.7037290462978032,270,20000,C1
True,A03T,10,"Fz,FC3,FC4,C3,Cz,C4,CP3,CP4,Pz,POz",12,interpolation_residual,1.7946686744689941,1.430031180381775,0.9888333678245544,0.9770638942718506,0.2887061915047087,0.40645022319985846,0.4575565447805914,1.8064544862174696,1.7037290462978032,270,20000,C2
True,A03T,10,"Fz,FC3,FC4,C3,Cz,C4,CP3,CP4,Pz,POz",12,interpolation_residual,3.8713908195495605,2.8640668392181396,0.9488906264305115,0.8911675214767456,0.2887061915047087,0.40645022319985846,0.4575565447805914,1.8064544862174696,1.7037290462978032,270,20000,C6
True,A03T,10,"Fz,FC3,FC4,C3,Cz,C4,CP3,CP4,Pz,POz",12,interpolation_residual,1.5782967805862427,1.264628291130066,0.991409182548523,0.9826263785362244,0.2887061915047087,0.40645022319985846,0.4575565447805914,1.8064544862174696,1.7037290462978032,270,20000,CP1
True,A03T,10,"Fz,FC3,FC4,C3,Cz,C4,CP3,CP4,Pz,POz",12,interpolation_residual,1.5084985494613647,1.1888197660446167,0.9927878379821777,0.9849194884300232,0.2887061915047087,0.40645022319985846,0.4575565447805914,1.8064544862174696,1.7037290462978032,270,20000,CPz
True,A03T,10,"Fz,FC3,FC4,C3,Cz,C4,CP3,CP4,Pz,POz",12,interpolation_residual,1.2297203540802002,0.9590280055999756,0.9949003458023071,0.9897793531417847,0.2887061915047087,0.40645022319985846,0.4575565447805914,1.8064544862174696,1.7037290462978032,270,20000,CP2
True,A03T,10,"Fz,FC3,FC4,C3,Cz,C4,CP3,CP4,Pz,POz",12,interpolation_residual,2.0205602645874023,1.5714696645736694,0.9871514439582825,0.9731957912445068,0.2887061915047087,0.40645022319985846,0.4575565447805914,1.8064544862174696,1.7037290462978032,270,20000,P1
True,A03T,10,"Fz,FC3,FC4,C3,Cz,C4,CP3,CP4,Pz,POz",12,interpolation_residual,1.499954342842102,1.157180666923523,0.992813766002655,0.9855101108551025,0.2887061915047087,0.40645022319985846,0.4575565447805914,1.8064544862174696,1.7037290462978032,270,20000,P2
True,A03T,15,"Fz,FC3,FC1,FC2,FC4,C3,C1,Cz,C2,C4,CP3,CP1,CP2,CP4,Pz",7,interpolation_residual,2.650298833847046,1.8459705114364624,0.9755455255508423,0.9514095033566651,0.34707936699000747,0.49302532744890737,0.5745090972140784,2.2078635703203324,2.0650514652738647,270,20000,
True,A03T,15,"Fz,FC3,FC1,FC2,FC4,C3,C1,Cz,C2,C4,CP3,CP1,CP2,CP4,Pz",7,interpolation_residual,1.4201228618621826,1.1280856132507324,0.9930552840232849,0.9859321713447571,0.34707936699000747,0.49302532744890737,0.5745090972140784,2.2078635703203324,2.0650514652738647,270,20000,FCz
True,A03T,15,"Fz,FC3,FC1,FC2,FC4,C3,C1,Cz,C2,C4,CP3,CP1,CP2,CP4,Pz",7,interpolation_residual,4.036285400390625,2.7728958129882812,0.9272463917732239,0.8583930134773254,0.34707936699000747,0.49302532744890737,0.5745090972140784,2.2078635703203324,2.0650514652738647,270,20000,C5
True,A03T,15,"Fz,FC3,FC1,FC2,FC4,C3,C1,Cz,C2,C4,CP3,CP1,CP2,CP4,Pz",7,interpolation_residual,3.753173589706421,2.777838706970215,0.9519460797309875,0.8977125287055969,0.34707936699000747,0.49302532744890737,0.5745090972140784,2.2078635703203324,2.0650514652738647,270,20000,C6
True,A03T,15,"Fz,FC3,FC1,FC2,FC4,C3,C1,Cz,C2,C4,CP3,CP1,CP2,CP4,Pz",7,interpolation_residual,1.4600409269332886,1.1499896049499512,0.9932752251625061,0.9858728051185608,0.34707936699000747,0.49302532744890737,0.5745090972140784,2.2078635703203324,2.0650514652738647,270,20000,CPz
True,A03T,15,"Fz,FC3,FC1,FC2,FC4,C3,C1,Cz,C2,C4,CP3,CP1,CP2,CP4,Pz",7,interpolation_residual,2.1539905071258545,1.6782814264297485,0.9857404828071594,0.969538688659668,0.34707936699000747,0.49302532744890737,0.5745090972140784,2.2078635703203324,2.0650514652738647,270,20000,P1
True,A03T,15,"Fz,FC3,FC1,FC2,FC4,C3,C1,Cz,C2,C4,CP3,CP1,CP2,CP4,Pz",7,interpolation_residual,1.6374002695083618,1.2728393077850342,0.9913516044616699,0.982732892036438,0.34707936699000747,0.49302532744890737,0.5745090972140784,2.2078635703203324,2.0650514652738647,270,20000,P2
True,A03T,15,"Fz,FC3,FC1,FC2,FC4,C3,C1,Cz,C2,C4,CP3,CP1,CP2,CP4,Pz",7,interpolation_residual,2.705812692642212,2.141860246658325,0.9771286845207214,0.9534117579460144,0.34707936699000747,0.49302532744890737,0.5745090972140784,2.2078635703203324,2.0650514652738647,270,20000,POz
True,A04T,5,"Fz,C3,C4,Pz,POz",17,interpolation_residual,2.042836904525757,1.5956937074661255,0.9708320498466492,0.942393063264411,0.12230692236438757,0.13333515693539477,0.15266604405085624,0.5465891087189464,0.47511385091582675,262,20000,
True,A04T,5,"Fz,C3,C4,Pz,POz",17,interpolation_residual,1.832560658454895,1.4294284582138062,0.9726678133010864,0.9458865523338318,0.12230692236438757,0.13333515693539477,0.15266604405085624,0.5465891087189464,0.47511385091582675,262,20000,FC3
True,A04T,5,"Fz,C3,C4,Pz,POz",17,interpolation_residual,1.7795467376708984,1.4132229089736938,0.9775319695472717,0.9551624655723572,0.12230692236438757,0.13333515693539477,0.15266604405085624,0.5465891087189464,0.47511385091582675,262,20000,FC1
True,A04T,5,"Fz,C3,C4,Pz,POz",17,interpolation_residual,2.310269594192505,1.8403749465942383,0.9662177562713623,0.9330253005027771,0.12230692236438757,0.13333515693539477,0.15266604405085624,0.5465891087189464,0.47511385091582675,262,20000,FCz
True,A04T,5,"Fz,C3,C4,Pz,POz",17,interpolation_residual,1.9431124925613403,1.5416524410247803,0.9748861193656921,0.9498261213302612,0.12230692236438757,0.13333515693539477,0.15266604405085624,0.5465891087189464,0.47511385091582675,262,20000,FC2
True,A04T,5,"Fz,C3,C4,Pz,POz",17,interpolation_residual,1.5871014595031738,1.2497658729553223,0.9815738201141357,0.9633843898773193,0.12230692236438757,0.13333515693539477,0.15266604405085624,0.5465891087189464,0.47511385091582675,262,20000,FC4
True,A04T,5,"Fz,C3,C4,Pz,POz",17,interpolation_residual,2.8083109855651855,2.1177613735198975,0.9140079021453857,0.8345242738723755,0.12230692236438757,0.13333515693539477,0.15266604405085624,0.5465891087189464,0.47511385091582675,262,20000,C5
True,A04T,5,"Fz,C3,C4,Pz,POz",17,interpolation_residual,2.0258240699768066,1.6167781352996826,0.9702564477920532,0.9405760169029236,0.12230692236438757,0.13333515693539477,0.15266604405085624,0.5465891087189464,0.47511385091582675,262,20000,C1
True,A04T,5,"Fz,C3,C4,Pz,POz",17,interpolation_residual,2.554142475128174,2.03375244140625,0.9585833549499512,0.9182054996490479,0.12230692236438757,0.13333515693539477,0.15266604405085624,0.5465891087189464,0.47511385091582675,262,20000,Cz
True,A04T,5,"Fz,C3,C4,Pz,POz",17,interpolation_residual,1.919150948524475,1.5404255390167236,0.9754377603530884,0.9509642124176025,0.12230692236438757,0.13333515693539477,0.15266604405085624,0.5465891087189464,0.47511385091582675,262,20000,C2
True,A04T,5,"Fz,C3,C4,Pz,POz",17,interpolation_residual,2.4003515243530273,1.9174835681915283,0.9487230777740479,0.8996458649635315,0.12230692236438757,0.13333515693539477,0.15266604405085624,0.5465891087189464,0.47511385091582675,262,20000,C6
True,A04T,5,"Fz,C3,C4,Pz,POz",17,interpolation_residual,1.7587684392929077,1.3973509073257446,0.9762628674507141,0.9529239535331726,0.12230692236438757,0.13333515693539477,0.15266604405085624,0.5465891087189464,0.47511385091582675,262,20000,CP3
True,A04T,5,"Fz,C3,C4,Pz,POz",17,interpolation_residual,2.106403350830078,1.6869304180145264,0.9700983762741089,0.9391118884086609,0.12230692236438757,0.13333515693539477,0.15266604405085624,0.5465891087189464,0.47511385091582675,262,20000,CP1
True,A04T,5,"Fz,C3,C4,Pz,POz",17,interpolation_residual,2.2178237438201904,1.7672638893127441,0.9703948497772217,0.940221905708313,0.12230692236438757,0.13333515693539477,0.15266604405085624,0.5465891087189464,0.47511385091582675,262,20000,CPz
True,A04T,5,"Fz,C3,C4,Pz,POz",17,interpolation_residual,1.658578634262085,1.3214210271835327,0.9824791550636292,0.9650157690048218,0.12230692236438757,0.13333515693539477,0.15266604405085624,0.5465891087189464,0.47511385091582675,262,20000,CP2
True,A04T,5,"Fz,C3,C4,Pz,POz",17,interpolation_residual,1.7998713254928589,1.4279236793518066,0.9784731864929199,0.9567086696624756,0.12230692236438757,0.13333515693539477,0.15266604405085624,0.5465891087189464,0.47511385091582675,262,20000,CP4
True,A04T,5,"Fz,C3,C4,Pz,POz",17,interpolation_residual,1.7620689868927002,1.3957549333572388,0.9813343286514282,0.962768018245697,0.12230692236438757,0.13333515693539477,0.15266604405085624,0.5465891087189464,0.47511385091582675,262,20000,P1
True,A04T,5,"Fz,C3,C4,Pz,POz",17,interpolation_residual,1.8120875358581543,1.4294984340667725,0.9813216924667358,0.9628373980522156,0.12230692236438757,0.13333515693539477,0.15266604405085624,0.5465891087189464,0.47511385091582675,262,20000,P2
True,A04T,10,"Fz,FC3,FC4,C3,Cz,C4,CP3,CP4,Pz,POz",12,interpolation_residual,1.6573445796966553,1.2784037590026855,0.9811248779296875,0.9625593162591409,0.10193146112863007,0.14375333300715845,0.16386169101189801,0.5511590197413652,0.48921974808681495,262,20000,
True,A04T,10,"Fz,FC3,FC4,C3,Cz,C4,CP3,CP4,Pz,POz",12,interpolation_residual,1.5719531774520874,1.2560220956802368,0.9823910593986511,0.965013325214386,0.10193146112863007,0.14375333300715845,0.16386169101189801,0.5511590197413652,0.48921974808681495,262,20000,FC1
True,A04T,10,"Fz,FC3,FC4,C3,Cz,C4,CP3,CP4,Pz,POz",12,interpolation_residual,1.5344356298446655,1.219882845878601,0.9851216673851013,0.9704551696777344,0.10193146112863007,0.14375333300715845,0.16386169101189801,0.5511590197413652,0.48921974808681495,262,20000,FCz
True,A04T,10,"Fz,FC3,FC4,C3,Cz,C4,CP3,CP4,Pz,POz",12,interpolation_residual,1.810576319694519,1.4434759616851807,0.9779950380325317,0.9564372897148132,0.10193146112863007,0.14375333300715845,0.16386169101189801,0.5511590197413652,0.48921974808681495,262,20000,FC2
True,A04T,10,"Fz,FC3,FC4,C3,Cz,C4,CP3,CP4,Pz,POz",12,interpolation_residual,2.521707057952881,1.8522849082946777,0.9317669868469238,0.866576075553894,0.10193146112863007,0.14375333300715845,0.16386169101189801,0.5511590197413652,0.48921974808681495,262,20000,C5
True,A04T,10,"Fz,FC3,FC4,C3,Cz,C4,CP3,CP4,Pz,POz",12,interpolation_residual,1.531388282775879,1.2418376207351685,0.9828916788101196,0.9660431146621704,0.10193146112863007,0.14375333300715845,0.16386169101189801,0.5511590197413652,0.48921974808681495,262,20000,C1
True,A04T,10,"Fz,FC3,FC4,C3,Cz,C4,CP3,CP4,Pz,POz",12,interpolation_residual,1.3641976118087769,1.1182197332382202,0.9877482652664185,0.9752229452133179,0.10193146112863007,0.14375333300715845,0.16386169101189801,0.5511590197413652,0.48921974808681495,262,20000,C2
True,A04T,10,"Fz,FC3,FC4,C3,Cz,C4,CP3,CP4,Pz,POz",12,interpolation_residual,2.0243427753448486,1.6080238819122314,0.9636526703834534,0.9286240935325623,0.10193146112863007,0.14375333300715845,0.16386169101189801,0.5511590197413652,0.48921974808681495,262,20000,C6
True,A04T,10,"Fz,FC3,FC4,C3,Cz,C4,CP3,CP4,Pz,POz",12,interpolation_residual,1.6209650039672852,1.3008291721343994,0.9818223118782043,0.9639424681663513,0.10193146112863007,0.14375333300715845,0.16386169101189801,0.5511590197413652,0.48921974808681495,262,20000,CP1
True,A04T,10,"Fz,FC3,FC4,C3,Cz,C4,CP3,CP4,Pz,POz",12,interpolation_residual,1.3532568216323853,1.0755858421325684,0.9888898134231567,0.977743923664093,0.10193146112863007,0.14375333300715845,0.16386169101189801,0.5511590197413652,0.48921974808681495,262,20000,CPz
True,A04T,10,"Fz,FC3,FC4,C3,Cz,C4,CP3,CP4,Pz,POz",12,interpolation_residual,1.0599446296691895,0.8369966745376587,0.9930508732795715,0.9857121109962463,0.10193146112863007,0.14375333300715845,0.16386169101189801,0.5511590197413652,0.48921974808681495,262,20000,CP2
True,A04T,10,"Fz,FC3,FC4,C3,Cz,C4,CP3,CP4,Pz,POz",12,interpolation_residual,1.553850531578064,1.2291183471679688,0.9854468703269958,0.9710473418235779,0.10193146112863007,0.14375333300715845,0.16386169101189801,0.5511590197413652,0.48921974808681495,262,20000,P1
True,A04T,10,"Fz,FC3,FC4,C3,Cz,C4,CP3,CP4,Pz,POz",12,interpolation_residual,1.482499361038208,1.158571720123291,0.9877094030380249,0.9751266241073608,0.10193146112863007,0.14375333300715845,0.16386169101189801,0.5511590197413652,0.48921974808681495,262,20000,P2
True,A04T,15,"Fz,FC3,FC1,FC2,FC4,C3,C1,Cz,C2,C4,CP3,CP1,CP2,CP4,Pz",7,interpolation_residual,1.9780796766281128,1.4757384061813354,0.9738563895225525,0.9483912417375772,0.11183324364940679,0.14241578621198542,0.171231222895107,0.585592748108746,0.5133731909807305,262,20000,
True,A04T,15,"Fz,FC3,FC1,FC2,FC4,C3,C1,Cz,C2,C4,CP3,CP1,CP2,CP4,Pz",7,interpolation_residual,1.4527082443237305,1.1525027751922607,0.9871376752853394,0.973518431186676,0.11183324364940679,0.14241578621198542,0.171231222895107,0.585592748108746,0.5133731909807305,262,20000,FCz
True,A04T,15,"Fz,FC3,FC1,FC2,FC4,C3,C1,Cz,C2,C4,CP3,CP1,CP2,CP4,Pz",7,interpolation_residual,2.3149282932281494,1.653977394104004,0.9425826668739319,0.8875604271888733,0.11183324364940679,0.14241578621198542,0.171231222895107,0.585592748108746,0.5133731909807305,262,20000,C5
True,A04T,15,"Fz,FC3,FC1,FC2,FC4,C3,C1,Cz,C2,C4,CP3,CP1,CP2,CP4,Pz",7,interpolation_residual,1.7800549268722534,1.4035991430282593,0.9720951318740845,0.9448111653327942,0.11183324364940679,0.14241578621198542,0.171231222895107,0.585592748108746,0.5133731909807305,262,20000,C6
True,A04T,15,"Fz,FC3,FC1,FC2,FC4,C3,C1,Cz,C2,C4,CP3,CP1,CP2,CP4,Pz",7,interpolation_residual,1.0572590827941895,0.8397858142852783,0.9933452010154724,0.9864152669906616,0.11183324364940679,0.14241578621198542,0.171231222895107,0.585592748108746,0.5133731909807305,262,20000,CPz
True,A04T,15,"Fz,FC3,FC1,FC2,FC4,C3,C1,Cz,C2,C4,CP3,CP1,CP2,CP4,Pz",7,interpolation_residual,1.791856288909912,1.4249728918075562,0.9805604219436646,0.9614985585212708,0.11183324364940679,0.14241578621198542,0.171231222895107,0.585592748108746,0.5133731909807305,262,20000,P1
True,A04T,15,"Fz,FC3,FC1,FC2,FC4,C3,C1,Cz,C2,C4,CP3,CP1,CP2,CP4,Pz",7,interpolation_residual,1.867621660232544,1.4740959405899048,0.9800713658332825,0.96052485704422,0.11183324364940679,0.14241578621198542,0.171231222895107,0.585592748108746,0.5133731909807305,262,20000,P2
True,A04T,15,"Fz,FC3,FC1,FC2,FC4,C3,C1,Cz,C2,C4,CP3,CP1,CP2,CP4,Pz",7,interpolation_residual,2.989163637161255,2.3812320232391357,0.9517421722412109,0.9027820825576782,0.11183324364940679,0.14241578621198542,0.171231222895107,0.585592748108746,0.5133731909807305,262,20000,POz
True,A05T,5,"Fz,C3,C4,Pz,POz",17,interpolation_residual,1.873388409614563,1.441398024559021,0.9767403602600098,0.9531105516116178,0.11602264471528735,0.11086295522918271,0.1524516555440452,0.5931774910248496,0.5234373974312702,262,20000,
True,A05T,5,"Fz,C3,C4,Pz,POz",17,interpolation_residual,2.1644656658172607,1.6233948469161987,0.9708485007286072,0.9420613050460815,0.11602264471528735,0.11086295522918271,0.1524516555440452,0.5931774910248496,0.5234373974312702,262,20000,FC3
True,A05T,5,"Fz,C3,C4,Pz,POz",17,interpolation_residual,1.8203157186508179,1.4049673080444336,0.9813143014907837,0.9605614542961121,0.11602264471528735,0.11086295522918271,0.1524516555440452,0.5931774910248496,0.5234373974312702,262,20000,FC1
True,A05T,5,"Fz,C3,C4,Pz,POz",17,interpolation_residual,2.132143974304199,1.6747525930404663,0.9763439297676086,0.9497312903404236,0.11602264471528735,0.11086295522918271,0.1524516555440452,0.5931774910248496,0.5234373974312702,262,20000,FCz
True,A05T,5,"Fz,C3,C4,Pz,POz",17,interpolation_residual,1.807847023010254,1.3874164819717407,0.9821901321411133,0.962830126285553,0.11602264471528735,0.11086295522918271,0.1524516555440452,0.5931774910248496,0.5234373974312702,262,20000,FC2
True,A05T,5,"Fz,C3,C4,Pz,POz",17,interpolation_residual,1.7243295907974243,1.3577558994293213,0.9820316433906555,0.9643232226371765,0.11602264471528735,0.11086295522918271,0.1524516555440452,0.5931774910248496,0.5234373974312702,262,20000,FC4
True,A05T,5,"Fz,C3,C4,Pz,POz",17,interpolation_residual,2.5503880977630615,2.030208110809326,0.9364497065544128,0.8756000995635986,0.11602264471528735,0.11086295522918271,0.1524516555440452,0.5931774910248496,0.5234373974312702,262,20000,C5
True,A05T,5,"Fz,C3,C4,Pz,POz",17,interpolation_residual,1.9208905696868896,1.5144822597503662,0.9767641425132751,0.9522351026535034,0.11602264471528735,0.11086295522918271,0.1524516555440452,0.5931774910248496,0.5234373974312702,262,20000,C1
True,A05T,5,"Fz,C3,C4,Pz,POz",17,interpolation_residual,2.1916956901550293,1.7297160625457764,0.9720927476882935,0.9420234560966492,0.11602264471528735,0.11086295522918271,0.1524516555440452,0.5931774910248496,0.5234373974312702,262,20000,Cz
True,A05T,5,"Fz,C3,C4,Pz,POz",17,interpolation_residual,1.8470460176467896,1.4619419574737549,0.9791829586029053,0.9567404985427856,0.11602264471528735,0.11086295522918271,0.1524516555440452,0.5931774910248496,0.5234373974312702,262,20000,C2
True,A05T,5,"Fz,C3,C4,Pz,POz",17,interpolation_residual,2.308093547821045,1.8442355394363403,0.9566121697425842,0.9149776101112366,0.11602264471528735,0.11086295522918271,0.1524516555440452,0.5931774910248496,0.5234373974312702,262,20000,C6
True,A05T,5,"Fz,C3,C4,Pz,POz",17,interpolation_residual,1.5620790719985962,1.2188926935195923,0.9815245270729065,0.9622488021850586,0.11602264471528735,0.11086295522918271,0.1524516555440452,0.5931774910248496,0.5234373974312702,262,20000,CP3
True,A05T,5,"Fz,C3,C4,Pz,POz",17,interpolation_residual,1.5955479145050049,1.2756282091140747,0.9826064109802246,0.9639527201652527,0.11602264471528735,0.11086295522918271,0.1524516555440452,0.5931774910248496,0.5234373974312702,262,20000,CP1
True,A05T,5,"Fz,C3,C4,Pz,POz",17,interpolation_residual,1.5425399541854858,1.214376449584961,0.9850958585739136,0.9687991142272949,0.11602264471528735,0.11086295522918271,0.1524516555440452,0.5931774910248496,0.5234373974312702,262,20000,CPz
True,A05T,5,"Fz,C3,C4,Pz,POz",17,interpolation_residual,1.1427741050720215,0.9048041701316833,0.9915821552276611,0.9825515151023865,0.11602264471528735,0.11086295522918271,0.1524516555440452,0.5931774910248496,0.5234373974312702,262,20000,CP2
True,A05T,5,"Fz,C3,C4,Pz,POz",17,interpolation_residual,1.6696499586105347,1.302458643913269,0.9808008670806885,0.9606407880783081,0.11602264471528735,0.11086295522918271,0.1524516555440452,0.5931774910248496,0.5234373974312702,262,20000,CP4
True,A05T,5,"Fz,C3,C4,Pz,POz",17,interpolation_residual,1.1158959865570068,0.8959552645683289,0.9905913472175598,0.9807894825935364,0.11602264471528735,0.11086295522918271,0.1524516555440452,0.5931774910248496,0.5234373974312702,262,20000,P1
True,A05T,5,"Fz,C3,C4,Pz,POz",17,interpolation_residual,2.106151819229126,1.6627646684646606,0.9683331251144409,0.9365282654762268,0.11602264471528735,0.11086295522918271,0.1524516555440452,0.5931774910248496,0.5234373974312702,262,20000,P2
True,A05T,10,"Fz,FC3,FC4,C3,Cz,C4,CP3,CP4,Pz,POz",12,interpolation_residual,1.5510308742523193,1.1846528053283691,0.9837508797645569,0.9675598468809838,0.08612402612669882,0.10199851873882214,0.11900580160972582,0.4686651034421337,0.380045340653088,262,20000,
True,A05T,10,"Fz,FC3,FC4,C3,Cz,C4,CP3,CP4,Pz,POz",12,interpolation_residual,1.458178162574768,1.152214527130127,0.9879358410835266,0.9746924042701721,0.08612402612669882,0.10199851873882214,0.11900580160972582,0.4686651034421337,0.380045340653088,262,20000,FC1
True,A05T,10,"Fz,FC3,FC4,C3,Cz,C4,CP3,CP4,Pz,POz",12,interpolation_residual,1.125440239906311,0.8800353407859802,0.9933152794837952,0.9859941005706787,0.08612402612669882,0.10199851873882214,0.11900580160972582,0.4686651034421337,0.380045340653088,262,20000,FCz
True,A05T,10,"Fz,FC3,FC4,C3,Cz,C4,CP3,CP4,Pz,POz",12,interpolation_residual,1.5548982620239258,1.2262372970581055,0.9864634275436401,0.9725037813186646,0.08612402612669882,0.10199851873882214,0.11900580160972582,0.4686651034421337,0.380045340653088,262,20000,FC2
True,A05T,10,"Fz,FC3,FC4,C3,Cz,C4,CP3,CP4,Pz,POz",12,interpolation_residual,2.2378311157226562,1.7789015769958496,0.9511370658874512,0.9042224884033203,0.08612402612669882,0.10199851873882214,0.11900580160972582,0.4686651034421337,0.380045340653088,262,20000,C5
True,A05T,10,"Fz,FC3,FC4,C3,Cz,C4,CP3,CP4,Pz,POz",12,interpolation_residual,1.679948329925537,1.3391554355621338,0.9817374348640442,0.9634661674499512,0.08612402612669882,0.10199851873882214,0.11900580160972582,0.4686651034421337,0.380045340653088,262,20000,C1
True,A05T,10,"Fz,FC3,FC4,C3,Cz,C4,CP3,CP4,Pz,POz",12,interpolation_residual,1.4184778928756714,1.1537840366363525,0.9872100353240967,0.9744863510131836,0.08612402612669882,0.10199851873882214,0.11900580160972582,0.4686651034421337,0.380045340653088,262,20000,C2
True,A05T,10,"Fz,FC3,FC4,C3,Cz,C4,CP3,CP4,Pz,POz",12,interpolation_residual,2.0084517002105713,1.5850608348846436,0.9675470590591431,0.9356202483177185,0.08612402612669882,0.10199851873882214,0.11900580160972582,0.4686651034421337,0.380045340653088,262,20000,C6
True,A05T,10,"Fz,FC3,FC4,C3,Cz,C4,CP3,CP4,Pz,POz",12,interpolation_residual,1.4015874862670898,1.1230497360229492,0.9861901998519897,0.9721843600273132,0.08612402612669882,0.10199851873882214,0.11900580160972582,0.4686651034421337,0.380045340653088,262,20000,CP1
True,A05T,10,"Fz,FC3,FC4,C3,Cz,C4,CP3,CP4,Pz,POz",12,interpolation_residual,1.1021623611450195,0.8432239294052124,0.9920833706855774,0.9840710759162903,0.08612402612669882,0.10199851873882214,0.11900580160972582,0.4686651034421337,0.380045340653088,262,20000,CPz
True,A05T,10,"Fz,FC3,FC4,C3,Cz,C4,CP3,CP4,Pz,POz",12,interpolation_residual,0.9329144954681396,0.7205365300178528,0.9941861629486084,0.9883715510368347,0.08612402612669882,0.10199851873882214,0.11900580160972582,0.4686651034421337,0.380045340653088,262,20000,CP2
True,A05T,10,"Fz,FC3,FC4,C3,Cz,C4,CP3,CP4,Pz,POz",12,interpolation_residual,1.0070456266403198,0.8149328231811523,0.9926843047142029,0.9843544363975525,0.08612402612669882,0.10199851873882214,0.11900580160972582,0.4686651034421337,0.380045340653088,262,20000,P1
True,A05T,10,"Fz,FC3,FC4,C3,Cz,C4,CP3,CP4,Pz,POz",12,interpolation_residual,2.0292725563049316,1.598704218864441,0.9703480005264282,0.9410775303840637,0.08612402612669882,0.10199851873882214,0.11900580160972582,0.4686651034421337,0.380045340653088,262,20000,P2
True,A05T,15,"Fz,FC3,FC1,FC2,FC4,C3,C1,Cz,C2,C4,CP3,CP1,CP2,CP4,Pz",7,interpolation_residual,1.6439412832260132,1.248964548110962,0.9803716540336609,0.9609451787801959,0.08463691462936376,0.10089071265387597,0.12137140620068859,0.47856834354628636,0.39919644675839017,262,20000,
True,A05T,15,"Fz,FC3,FC1,FC2,FC4,C3,C1,Cz,C2,C4,CP3,CP1,CP2,CP4,Pz",7,interpolation_residual,1.0319103002548218,0.8172345161437988,0.9944506883621216,0.9882252812385559,0.08463691462936376,0.10089071265387597,0.12137140620068859,0.47856834354628636,0.39919644675839017,262,20000,FCz
True,A05T,15,"Fz,FC3,FC1,FC2,FC4,C3,C1,Cz,C2,C4,CP3,CP1,CP2,CP4,Pz",7,interpolation_residual,2.025970458984375,1.5984543561935425,0.9601231813430786,0.9214988946914673,0.08463691462936376,0.10089071265387597,0.12137140620068859,0.47856834354628636,0.39919644675839017,262,20000,C5
True,A05T,15,"Fz,FC3,FC1,FC2,FC4,C3,C1,Cz,C2,C4,CP3,CP1,CP2,CP4,Pz",7,interpolation_residual,1.8256570100784302,1.440428376197815,0.9730672836303711,0.9468057751655579,0.08463691462936376,0.10089071265387597,0.12137140620068859,0.47856834354628636,0.39919644675839017,262,20000,C6
True,A05T,15,"Fz,FC3,FC1,FC2,FC4,C3,C1,Cz,C2,C4,CP3,CP1,CP2,CP4,Pz",7,interpolation_residual,1.1174577474594116,0.8535159230232239,0.9918088912963867,0.9836259484291077,0.08463691462936376,0.10089071265387597,0.12137140620068859,0.47856834354628636,0.39919644675839017,262,20000,CPz
True,A05T,15,"Fz,FC3,FC1,FC2,FC4,C3,C1,Cz,C2,C4,CP3,CP1,CP2,CP4,Pz",7,interpolation_residual,1.0945764780044556,0.8869131803512573,0.9913008809089661,0.9815165996551514,0.08463691462936376,0.10089071265387597,0.12137140620068859,0.47856834354628636,0.39919644675839017,262,20000,P1
True,A05T,15,"Fz,FC3,FC1,FC2,FC4,C3,C1,Cz,C2,C4,CP3,CP1,CP2,CP4,Pz",7,interpolation_residual,2.1315460205078125,1.6834725141525269,0.9673585891723633,0.9349883794784546,0.08463691462936376,0.10089071265387597,0.12137140620068859,0.47856834354628636,0.39919644675839017,262,20000,P2
True,A05T,15,"Fz,FC3,FC1,FC2,FC4,C3,C1,Cz,C2,C4,CP3,CP1,CP2,CP4,Pz",7,interpolation_residual,1.8506842851638794,1.4627286195755005,0.9745576977729797,0.9496510028839111,0.08463691462936376,0.10089071265387597,0.12137140620068859,0.47856834354628636,0.39919644675839017,262,20000,POz
True,A06T,5,"Fz,C3,C4,Pz,POz",17,interpolation_residual,3.2361443042755127,2.472536563873291,0.965959370136261,0.9327118658545186,0.24175088920479273,0.30905829824033,0.3678057611213457,1.43692476437514,1.1324098842095163,219,20000,
True,A06T,5,"Fz,C3,C4,Pz,POz",17,interpolation_residual,2.8985402584075928,2.290217876434326,0.9708665013313293,0.942573070526123,0.24175088920479273,0.30905829824033,0.3678057611213457,1.43692476437514,1.1324098842095163,219,20000,FC3
True,A06T,5,"Fz,C3,C4,Pz,POz",17,interpolation_residual,2.9180216789245605,2.2885191440582275,0.9738759994506836,0.9483503103256226,0.24175088920479273,0.30905829824033,0.3678057611213457,1.43692476437514,1.1324098842095163,219,20000,FC1
True,A06T,5,"Fz,C3,C4,Pz,POz",17,interpolation_residual,4.222569942474365,3.3259241580963135,0.9527541995048523,0.9068779349327087,0.24175088920479273,0.30905829824033,0.3678057611213457,1.43692476437514,1.1324098842095163,219,20000,FCz
True,A06T,5,"Fz,C3,C4,Pz,POz",17,interpolation_residual,2.878875732421875,2.267998456954956,0.9760414958000183,0.9517500996589661,0.24175088920479273,0.30905829824033,0.3678057611213457,1.43692476437514,1.1324098842095163,219,20000,FC2
True,A06T,5,"Fz,C3,C4,Pz,POz",17,interpolation_residual,2.7107434272766113,2.1427807807922363,0.977119505405426,0.95380699634552,0.24175088920479273,0.30905829824033,0.3678057611213457,1.43692476437514,1.1324098842095163,219,20000,FC4
True,A06T,5,"Fz,C3,C4,Pz,POz",17,interpolation_residual,4.24161434173584,3.3526651859283447,0.9151132702827454,0.8367027044296265,0.24175088920479273,0.30905829824033,0.3678057611213457,1.43692476437514,1.1324098842095163,219,20000,C5
True,A06T,5,"Fz,C3,C4,Pz,POz",17,interpolation_residual,2.822222948074341,2.2392444610595703,0.9740843176841736,0.9484745860099792,0.24175088920479273,0.30905829824033,0.3678057611213457,1.43692476437514,1.1324098842095163,219,20000,C1
True,A06T,5,"Fz,C3,C4,Pz,POz",17,interpolation_residual,4.41835880279541,3.4749934673309326,0.9413405060768127,0.8839949369430542,0.24175088920479273,0.30905829824033,0.3678057611213457,1.43692476437514,1.1324098842095163,219,20000,Cz
True,A06T,5,"Fz,C3,C4,Pz,POz",17,interpolation_residual,3.0418336391448975,2.3898959159851074,0.9713119268417358,0.9430097341537476,0.24175088920479273,0.30905829824033,0.3678057611213457,1.43692476437514,1.1324098842095163,219,20000,C2
True,A06T,5,"Fz,C3,C4,Pz,POz",17,interpolation_residual,4.723113059997559,3.73764967918396,0.915309727191925,0.8221880197525024,0.24175088920479273,0.30905829824033,0.3678057611213457,1.43692476437514,1.1324098842095163,219,20000,C6
True,A06T,5,"Fz,C3,C4,Pz,POz",17,interpolation_residual,2.817246675491333,2.197707414627075,0.9730859994888306,0.9462931752204895,0.24175088920479273,0.30905829824033,0.3678057611213457,1.43692476437514,1.1324098842095163,219,20000,CP3
True,A06T,5,"Fz,C3,C4,Pz,POz",17,interpolation_residual,2.6131503582000732,2.0635764598846436,0.9778770208358765,0.9560163617134094,0.24175088920479273,0.30905829824033,0.3678057611213457,1.43692476437514,1.1324098842095163,219,20000,CP1
True,A06T,5,"Fz,C3,C4,Pz,POz",17,interpolation_residual,2.8287413120269775,2.2349750995635986,0.9753679037094116,0.9502272009849548,0.24175088920479273,0.30905829824033,0.3678057611213457,1.43692476437514,1.1324098842095163,219,20000,CPz
True,A06T,5,"Fz,C3,C4,Pz,POz",17,interpolation_residual,2.2136549949645996,1.7329238653182983,0.9844703674316406,0.968757152557373,0.24175088920479273,0.30905829824033,0.3678057611213457,1.43692476437514,1.1324098842095163,219,20000,CP2
True,A06T,5,"Fz,C3,C4,Pz,POz",17,interpolation_residual,3.150362968444824,2.4506442546844482,0.9693971872329712,0.9393977522850037,0.24175088920479273,0.30905829824033,0.3678057611213457,1.43692476437514,1.1324098842095163,219,20000,CP4
True,A06T,5,"Fz,C3,C4,Pz,POz",17,interpolation_residual,2.2164456844329834,1.7099854946136475,0.9834927320480347,0.9670306444168091,0.24175088920479273,0.30905829824033,0.3678057611213457,1.43692476437514,1.1324098842095163,219,20000,P1
True,A06T,5,"Fz,C3,C4,Pz,POz",17,interpolation_residual,2.8475096225738525,2.133418083190918,0.974151074886322,0.9487037062644958,0.24175088920479273,0.30905829824033,0.3678057611213457,1.43692476437514,1.1324098842095163,219,20000,P2
True,A06T,10,"Fz,FC3,FC4,C3,Cz,C4,CP3,CP4,Pz,POz",12,interpolation_residual,2.520989418029785,1.8751229047775269,0.9792917966842651,0.9590114438766686,0.22102689645561197,0.2762601698887563,0.38236875528748043,1.3665628193954547,1.1731604367838928,219,20000,
True,A06T,10,"Fz,FC3,FC4,C3,Cz,C4,CP3,CP4,Pz,POz",12,interpolation_residual,2.145514488220215,1.6811400651931763,0.9861137866973877,0.9720776081085205,0.22102689645561197,0.2762601698887563,0.38236875528748043,1.3665628193954547,1.1731604367838928,219,20000,FC1
True,A06T,10,"Fz,FC3,FC4,C3,Cz,C4,CP3,CP4,Pz,POz",12,interpolation_residual,2.5658419132232666,2.0100207328796387,0.9835999608039856,0.9656157493591309,0.22102689645561197,0.2762601698887563,0.38236875528748043,1.3665628193954547,1.1731604367838928,219,20000,FCz
True,A06T,10,"Fz,FC3,FC4,C3,Cz,C4,CP3,CP4,Pz,POz",12,interpolation_residual,2.230756998062134,1.7731080055236816,0.9856498837471008,0.97102952003479,0.22102689645561197,0.2762601698887563,0.38236875528748043,1.3665628193954547,1.1731604367838928,219,20000,FC2
True,A06T,10,"Fz,FC3,FC4,C3,Cz,C4,CP3,CP4,Pz,POz",12,interpolation_residual,3.9320905208587646,3.10128116607666,0.9274349808692932,0.8596654534339905,0.22102689645561197,0.2762601698887563,0.38236875528748043,1.3665628193954547,1.1731604367838928,219,20000,C5
True,A06T,10,"Fz,FC3,FC4,C3,Cz,C4,CP3,CP4,Pz,POz",12,interpolation_residual,2.058814525604248,1.652530312538147,0.9862304329872131,0.9725797772407532,0.22102689645561197,0.2762601698887563,0.38236875528748043,1.3665628193954547,1.1731604367838928,219,20000,C1
True,A06T,10,"Fz,FC3,FC4,C3,Cz,C4,CP3,CP4,Pz,POz",12,interpolation_residual,2.226884126663208,1.75308358669281,0.9846538305282593,0.9694560766220093,0.22102689645561197,0.2762601698887563,0.38236875528748043,1.3665628193954547,1.1731604367838928,219,20000,C2
True,A06T,10,"Fz,FC3,FC4,C3,Cz,C4,CP3,CP4,Pz,POz",12,interpolation_residual,4.216152191162109,3.3400633335113525,0.9331090450286865,0.8583112955093384,0.22102689645561197,0.2762601698887563,0.38236875528748043,1.3665628193954547,1.1731604367838928,219,20000,C6
True,A06T,10,"Fz,FC3,FC4,C3,Cz,C4,CP3,CP4,Pz,POz",12,interpolation_residual,2.217532157897949,1.7629553079605103,0.9840593934059143,0.9683260917663574,0.22102689645561197,0.2762601698887563,0.38236875528748043,1.3665628193954547,1.1731604367838928,219,20000,CP1
True,A06T,10,"Fz,FC3,FC4,C3,Cz,C4,CP3,CP4,Pz,POz",12,interpolation_residual,1.7853491306304932,1.4227490425109863,0.9900994300842285,0.9801732301712036,0.22102689645561197,0.2762601698887563,0.38236875528748043,1.3665628193954547,1.1731604367838928,219,20000,CPz
True,A06T,10,"Fz,FC3,FC4,C3,Cz,C4,CP3,CP4,Pz,POz",12,interpolation_residual,1.3697752952575684,1.0778740644454956,0.9940121173858643,0.9880372285842896,0.22102689645561197,0.2762601698887563,0.38236875528748043,1.3665628193954547,1.1731604367838928,219,20000,CP2
True,A06T,10,"Fz,FC3,FC4,C3,Cz,C4,CP3,CP4,Pz,POz",12,interpolation_residual,1.6427923440933228,1.2672603130340576,0.990917980670929,0.9818881154060364,0.22102689645561197,0.2762601698887563,0.38236875528748043,1.3665628193954547,1.1731604367838928,219,20000,P1
True,A06T,10,"Fz,FC3,FC4,C3,Cz,C4,CP3,CP4,Pz,POz",12,interpolation_residual,2.2330546379089355,1.6593931913375854,0.9843149781227112,0.9684534072875977,0.22102689645561197,0.2762601698887563,0.38236875528748043,1.3665628193954547,1.1731604367838928,219,20000,P2
True,A06T,15,"Fz,FC3,FC1,FC2,FC4,C3,C1,Cz,C2,C4,CP3,CP1,CP2,CP4,Pz",7,interpolation_residual,2.938267230987549,2.1728546619415283,0.9707149863243103,0.9417149643513033,0.3171589821711822,0.346447624072002,0.49660815865987984,1.6797914602625497,1.540149293010151,219,20000,
True,A06T,15,"Fz,FC3,FC1,FC2,FC4,C3,C1,Cz,C2,C4,CP3,CP1,CP2,CP4,Pz",7,interpolation_residual,2.2785465717315674,1.7898988723754883,0.9878892302513123,0.9728845953941345,0.3171589821711822,0.346447624072002,0.49660815865987984,1.6797914602625497,1.540149293010151,219,20000,FCz
True,A06T,15,"Fz,FC3,FC1,FC2,FC4,C3,C1,Cz,C2,C4,CP3,CP1,CP2,CP4,Pz",7,interpolation_residual,3.919565200805664,3.085965871810913,0.9298670887947083,0.8605579137802124,0.3171589821711822,0.346447624072002,0.49660815865987984,1.6797914602625497,1.540149293010151,219,20000,C5
True,A06T,15,"Fz,FC3,FC1,FC2,FC4,C3,C1,Cz,C2,C4,CP3,CP1,CP2,CP4,Pz",7,interpolation_residual,4.197848320007324,3.3282010555267334,0.9364628791809082,0.8595386743545532,0.3171589821711822,0.346447624072002,0.49660815865987984,1.6797914602625497,1.540149293010151,219,20000,C6
True,A06T,15,"Fz,FC3,FC1,FC2,FC4,C3,C1,Cz,C2,C4,CP3,CP1,CP2,CP4,Pz",7,interpolation_residual,1.7090647220611572,1.3611003160476685,0.99105304479599,0.9818313121795654,0.3171589821711822,0.346447624072002,0.49660815865987984,1.6797914602625497,1.540149293010151,219,20000,CPz
True,A06T,15,"Fz,FC3,FC1,FC2,FC4,C3,C1,Cz,C2,C4,CP3,CP1,CP2,CP4,Pz",7,interpolation_residual,1.6895045042037964,1.3168919086456299,0.9905439615249634,0.9808435440063477,0.3171589821711822,0.346447624072002,0.49660815865987984,1.6797914602625497,1.540149293010151,219,20000,P1
True,A06T,15,"Fz,FC3,FC1,FC2,FC4,C3,C1,Cz,C2,C4,CP3,CP1,CP2,CP4,Pz",7,interpolation_residual,2.3317830562591553,1.7556430101394653,0.9827192425727844,0.9656021595001221,0.3171589821711822,0.346447624072002,0.49660815865987984,1.6797914602625497,1.540149293010151,219,20000,P2
True,A06T,15,"Fz,FC3,FC1,FC2,FC4,C3,C1,Cz,C2,C4,CP3,CP1,CP2,CP4,Pz",7,interpolation_residual,3.323329210281372,2.5722930431365967,0.9633024334907532,0.9221735000610352,0.3171589821711822,0.346447624072002,0.49660815865987984,1.6797914602625497,1.540149293010151,219,20000,POz
True,A07T,5,"Fz,C3,C4,Pz,POz",17,interpolation_residual,2.184906005859375,1.6992932558059692,0.9665457606315613,0.9340956686259754,0.10368279818930659,0.1001726068957143,0.14780902206886706,0.6204537380911489,0.435802328958559,271,20000,
True,A07T,5,"Fz,C3,C4,Pz,POz",17,interpolation_residual,2.090769052505493,1.6464341878890991,0.9631283283233643,0.9274212121963501,0.10368279818930659,0.1001726068957143,0.14780902206886706,0.6204537380911489,0.435802328958559,271,20000,FC3
True,A07T,5,"Fz,C3,C4,Pz,POz",17,interpolation_residual,2.1560006141662598,1.6717529296875,0.9680233001708984,0.9367661476135254,0.10368279818930659,0.1001726068957143,0.14780902206886706,0.6204537380911489,0.435802328958559,271,20000,FC1
True,A07T,5,"Fz,C3,C4,Pz,POz",17,interpolation_residual,2.5545427799224854,2.0060272216796875,0.9596810340881348,0.9201446771621704,0.10368279818930659,0.1001726068957143,0.14780902206886706,0.6204537380911489,0.435802328958559,271,20000,FCz
True,A07T,5,"Fz,C3,C4,Pz,POz",17,interpolation_residual,2.381021499633789,1.8533449172973633,0.9643601775169373,0.9293509125709534,0.10368279818930659,0.1001726068957143,0.14780902206886706,0.6204537380911489,0.435802328958559,271,20000,FC2
True,A07T,5,"Fz,C3,C4,Pz,POz",17,interpolation_residual,2.040937900543213,1.606629729270935,0.9713870882987976,0.9435043931007385,0.10368279818930659,0.1001726068957143,0.14780902206886706,0.6204537380911489,0.435802328958559,271,20000,FC4
True,A07T,5,"Fz,C3,C4,Pz,POz",17,interpolation_residual,2.4561867713928223,1.9546160697937012,0.9182139039039612,0.8423106670379639,0.10368279818930659,0.1001726068957143,0.14780902206886706,0.6204537380911489,0.435802328958559,271,20000,C5
True,A07T,5,"Fz,C3,C4,Pz,POz",17,interpolation_residual,2.207429885864258,1.7530443668365479,0.9651085138320923,0.9313846826553345,0.10368279818930659,0.1001726068957143,0.14780902206886706,0.6204537380911489,0.435802328958559,271,20000,C1
True,A07T,5,"Fz,C3,C4,Pz,POz",17,interpolation_residual,2.966398000717163,2.338761806488037,0.9459738731384277,0.8946352601051331,0.10368279818930659,0.1001726068957143,0.14780902206886706,0.6204537380911489,0.435802328958559,271,20000,Cz
True,A07T,5,"Fz,C3,C4,Pz,POz",17,interpolation_residual,2.101874351501465,1.6707124710083008,0.9713637828826904,0.9431112408638,0.10368279818930659,0.1001726068957143,0.14780902206886706,0.6204537380911489,0.435802328958559,271,20000,C2
True,A07T,5,"Fz,C3,C4,Pz,POz",17,interpolation_residual,2.86914324760437,2.267909288406372,0.9309102296829224,0.8664717674255371,0.10368279818930659,0.1001726068957143,0.14780902206886706,0.6204537380911489,0.435802328958559,271,20000,C6
True,A07T,5,"Fz,C3,C4,Pz,POz",17,interpolation_residual,2.0422160625457764,1.6451137065887451,0.9670067429542542,0.9343382120132446,0.10368279818930659,0.1001726068957143,0.14780902206886706,0.6204537380911489,0.435802328958559,271,20000,CP3
True,A07T,5,"Fz,C3,C4,Pz,POz",17,interpolation_residual,1.9529452323913574,1.5672796964645386,0.9736796617507935,0.9480016827583313,0.10368279818930659,0.1001726068957143,0.14780902206886706,0.6204537380911489,0.435802328958559,271,20000,CP1
True,A07T,5,"Fz,C3,C4,Pz,POz",17,interpolation_residual,2.121124505996704,1.6919689178466797,0.9725645780563354,0.9456894397735596,0.10368279818930659,0.1001726068957143,0.14780902206886706,0.6204537380911489,0.435802328958559,271,20000,CPz
True,A07T,5,"Fz,C3,C4,Pz,POz",17,interpolation_residual,1.4974552392959595,1.1923139095306396,0.9857521057128906,0.9715247750282288,0.10368279818930659,0.1001726068957143,0.14780902206886706,0.6204537380911489,0.435802328958559,271,20000,CP2
True,A07T,5,"Fz,C3,C4,Pz,POz",17,interpolation_residual,2.0492303371429443,1.6389697790145874,0.971871554851532,0.9436913132667542,0.10368279818930659,0.1001726068957143,0.14780902206886706,0.6204537380911489,0.435802328958559,271,20000,CP4
True,A07T,5,"Fz,C3,C4,Pz,POz",17,interpolation_residual,1.548842191696167,1.244462013244629,0.9842240810394287,0.9685490131378174,0.10368279818930659,0.1001726068957143,0.14780902206886706,0.6204537380911489,0.435802328958559,271,20000,P1
True,A07T,5,"Fz,C3,C4,Pz,POz",17,interpolation_residual,1.4475301504135132,1.1386582851409912,0.9870166182518005,0.9739677309989929,0.10368279818930659,0.1001726068957143,0.14780902206886706,0.6204537380911489,0.435802328958559,271,20000,P2
True,A07T,10,"Fz,FC3,FC4,C3,Cz,C4,CP3,CP4,Pz,POz",12,interpolation_residual,1.775947093963623,1.3738031387329102,0.97819983959198,0.9567857162022895,0.08387946778767397,0.0868084643856912,0.111036810384531,0.4527799084233734,0.33226811739553663,271,20000,
True,A07T,10,"Fz,FC3,FC4,C3,Cz,C4,CP3,CP4,Pz,POz",12,interpolation_residual,1.7012379169464111,1.3465114831924438,0.9801631569862366,0.9606286287307739,0.08387946778767397,0.0868084643856912,0.111036810384531,0.4527799084233734,0.33226811739553663,271,20000,FC1
True,A07T,10,"Fz,FC3,FC4,C3,Cz,C4,CP3,CP4,Pz,POz",12,interpolation_residual,1.5506114959716797,1.2245045900344849,0.9851843118667603,0.9705772995948792,0.08387946778767397,0.0868084643856912,0.111036810384531,0.4527799084233734,0.33226811739553663,271,20000,FCz
True,A07T,10,"Fz,FC3,FC4,C3,Cz,C4,CP3,CP4,Pz,POz",12,interpolation_residual,2.0038890838623047,1.5674163103103638,0.9749611020088196,0.9499587416648865,0.08387946778767397,0.0868084643856912,0.111036810384531,0.4527799084233734,0.33226811739553663,271,20000,FC2
True,A07T,10,"Fz,FC3,FC4,C3,Cz,C4,CP3,CP4,Pz,POz",12,interpolation_residual,2.2165839672088623,1.7602909803390503,0.9343863725662231,0.8715753555297852,0.08387946778767397,0.0868084643856912,0.111036810384531,0.4527799084233734,0.33226811739553663,271,20000,C5
True,A07T,10,"Fz,FC3,FC4,C3,Cz,C4,CP3,CP4,Pz,POz",12,interpolation_residual,1.6546220779418945,1.3300327062606812,0.9805499911308289,0.961448073387146,0.08387946778767397,0.0868084643856912,0.111036810384531,0.4527799084233734,0.33226811739553663,271,20000,C1
True,A07T,10,"Fz,FC3,FC4,C3,Cz,C4,CP3,CP4,Pz,POz",12,interpolation_residual,1.6699286699295044,1.3387622833251953,0.9821716547012329,0.9640903472900391,0.08387946778767397,0.0868084643856912,0.111036810384531,0.4527799084233734,0.33226811739553663,271,20000,C2
True,A07T,10,"Fz,FC3,FC4,C3,Cz,C4,CP3,CP4,Pz,POz",12,interpolation_residual,2.7942287921905518,2.194627523422241,0.934736967086792,0.8733532428741455,0.08387946778767397,0.0868084643856912,0.111036810384531,0.4527799084233734,0.33226811739553663,271,20000,C6
True,A07T,10,"Fz,FC3,FC4,C3,Cz,C4,CP3,CP4,Pz,POz",12,interpolation_residual,1.4872767925262451,1.1922427415847778,0.9848817586898804,0.969842791557312,0.08387946778767397,0.0868084643856912,0.111036810384531,0.4527799084233734,0.33226811739553663,271,20000,CP1
True,A07T,10,"Fz,FC3,FC4,C3,Cz,C4,CP3,CP4,Pz,POz",12,interpolation_residual,1.5720125436782837,1.2530006170272827,0.9850706458091736,0.9701693058013916,0.08387946778767397,0.0868084643856912,0.111036810384531,0.4527799084233734,0.33226811739553663,271,20000,CPz
True,A07T,10,"Fz,FC3,FC4,C3,Cz,C4,CP3,CP4,Pz,POz",12,interpolation_residual,1.0324302911758423,0.8186331987380981,0.9936025142669678,0.986464262008667,0.08387946778767397,0.0868084643856912,0.111036810384531,0.4527799084233734,0.33226811739553663,271,20000,CP2
True,A07T,10,"Fz,FC3,FC4,C3,Cz,C4,CP3,CP4,Pz,POz",12,interpolation_residual,1.701404094696045,1.4398274421691895,0.9808777570724487,0.9620479941368103,0.08387946778767397,0.0868084643856912,0.111036810384531,0.4527799084233734,0.33226811739553663,271,20000,P1
True,A07T,10,"Fz,FC3,FC4,C3,Cz,C4,CP3,CP4,Pz,POz",12,interpolation_residual,1.2815253734588623,1.0198020935058594,0.989876925945282,0.9795961976051331,0.08387946778767397,0.0868084643856912,0.111036810384531,0.4527799084233734,0.33226811739553663,271,20000,P2
True,A07T,15,"Fz,FC3,FC1,FC2,FC4,C3,C1,Cz,C2,C4,CP3,CP1,CP2,CP4,Pz",7,interpolation_residual,1.9366878271102905,1.4993183612823486,0.9738230109214783,0.9482543851929912,0.06793626507765434,0.10414379866630742,0.10756348937726382,0.44394468289437977,0.4025677542540313,271,20000,
True,A07T,15,"Fz,FC3,FC1,FC2,FC4,C3,C1,Cz,C2,C4,CP3,CP1,CP2,CP4,Pz",7,interpolation_residual,1.3416446447372437,1.0606088638305664,0.9889504909515381,0.977973222732544,0.06793626507765434,0.10414379866630742,0.10756348937726382,0.44394468289437977,0.4025677542540313,271,20000,FCz
True,A07T,15,"Fz,FC3,FC1,FC2,FC4,C3,C1,Cz,C2,C4,CP3,CP1,CP2,CP4,Pz",7,interpolation_residual,2.0495645999908447,1.6198225021362305,0.9452974200248718,0.8901995420455933,0.06793626507765434,0.10414379866630742,0.10756348937726382,0.44394468289437977,0.4025677542540313,271,20000,C5
True,A07T,15,"Fz,FC3,FC1,FC2,FC4,C3,C1,Cz,C2,C4,CP3,CP1,CP2,CP4,Pz",7,interpolation_residual,2.468168258666992,1.919845700263977,0.9494116902351379,0.9011860489845276,0.06793626507765434,0.10414379866630742,0.10756348937726382,0.44394468289437977,0.4025677542540313,271,20000,C6
True,A07T,15,"Fz,FC3,FC1,FC2,FC4,C3,C1,Cz,C2,C4,CP3,CP1,CP2,CP4,Pz",7,interpolation_residual,1.4408552646636963,1.1441633701324463,0.9875270128250122,0.9749394059181213,0.06793626507765434,0.10414379866630742,0.10756348937726382,0.44394468289437977,0.4025677542540313,271,20000,CPz
True,A07T,15,"Fz,FC3,FC1,FC2,FC4,C3,C1,Cz,C2,C4,CP3,CP1,CP2,CP4,Pz",7,interpolation_residual,1.88544762134552,1.5905886888504028,0.976527214050293,0.9533930420875549,0.06793626507765434,0.10414379866630742,0.10756348937726382,0.44394468289437977,0.4025677542540313,271,20000,P1
True,A07T,15,"Fz,FC3,FC1,FC2,FC4,C3,C1,Cz,C2,C4,CP3,CP1,CP2,CP4,Pz",7,interpolation_residual,1.4294710159301758,1.1355656385421753,0.9873185157775879,0.9746131896972656,0.06793626507765434,0.10414379866630742,0.10756348937726382,0.44394468289437977,0.4025677542540313,271,20000,P2
True,A07T,15,"Fz,FC3,FC1,FC2,FC4,C3,C1,Cz,C2,C4,CP3,CP1,CP2,CP4,Pz",7,interpolation_residual,2.5472161769866943,2.0246336460113525,0.9616079926490784,0.924658477306366,0.06793626507765434,0.10414379866630742,0.10756348937726382,0.44394468289437977,0.4025677542540313,271,20000,POz
True,A08T,5,"Fz,C3,C4,Pz,POz",17,interpolation_residual,2.7269701957702637,2.0997467041015625,0.9773390889167786,0.954794934830416,0.3554968686292918,0.36656646673002846,0.5392598179441771,1.970401789646991,1.674305802854374,264,20000,
True,A08T,5,"Fz,C3,C4,Pz,POz",17,interpolation_residual,2.4033966064453125,1.8824330568313599,0.9802775382995605,0.9601656198501587,0.3554968686292918,0.36656646673002846,0.5392598179441771,1.970401789646991,1.674305802854374,264,20000,FC3
True,A08T,5,"Fz,C3,C4,Pz,POz",17,interpolation_residual,2.4132134914398193,1.8876445293426514,0.9835161566734314,0.96629399061203,0.3554968686292918,0.36656646673002846,0.5392598179441771,1.970401789646991,1.674305802854374,264,20000,FC1
True,A08T,5,"Fz,C3,C4,Pz,POz",17,interpolation_residual,2.968292236328125,2.341498613357544,0.9768592119216919,0.9538237452507019,0.3554968686292918,0.36656646673002846,0.5392598179441771,1.970401789646991,1.674305802854374,264,20000,FCz
True,A08T,5,"Fz,C3,C4,Pz,POz",17,interpolation_residual,2.7586851119995117,2.1748390197753906,0.9796991944313049,0.959497332572937,0.3554968686292918,0.36656646673002846,0.5392598179441771,1.970401789646991,1.674305802854374,264,20000,FC2
True,A08T,5,"Fz,C3,C4,Pz,POz",17,interpolation_residual,2.868511438369751,2.2406272888183594,0.9771504998207092,0.954497218132019,0.3554968686292918,0.36656646673002846,0.5392598179441771,1.970401789646991,1.674305802854374,264,20000,FC4
True,A08T,5,"Fz,C3,C4,Pz,POz",17,interpolation_residual,3.0643036365509033,2.4089932441711426,0.9472805261611938,0.896833062171936,0.3554968686292918,0.36656646673002846,0.5392598179441771,1.970401789646991,1.674305802854374,264,20000,C5
True,A08T,5,"Fz,C3,C4,Pz,POz",17,interpolation_residual,2.4381117820739746,1.9325045347213745,0.9816877245903015,0.9626878499984741,0.3554968686292918,0.36656646673002846,0.5392598179441771,1.970401789646991,1.674305802854374,264,20000,C1
True,A08T,5,"Fz,C3,C4,Pz,POz",17,interpolation_residual,3.648010730743408,2.8767142295837402,0.9649975299835205,0.9295845031738281,0.3554968686292918,0.36656646673002846,0.5392598179441771,1.970401789646991,1.674305802854374,264,20000,Cz
True,A08T,5,"Fz,C3,C4,Pz,POz",17,interpolation_residual,2.4005088806152344,1.9030678272247314,0.9837262034416199,0.9674177765846252,0.3554968686292918,0.36656646673002846,0.5392598179441771,1.970401789646991,1.674305802854374,264,20000,C2
True,A08T,5,"Fz,C3,C4,Pz,POz",17,interpolation_residual,3.2561638355255127,2.5597944259643555,0.9678305983543396,0.9332962036132812,0.3554968686292918,0.36656646673002846,0.5392598179441771,1.970401789646991,1.674305802854374,264,20000,C6
True,A08T,5,"Fz,C3,C4,Pz,POz",17,interpolation_residual,3.6776785850524902,2.850449562072754,0.9476932883262634,0.8980936408042908,0.3554968686292918,0.36656646673002846,0.5392598179441771,1.970401789646991,1.674305802854374,264,20000,CP3
True,A08T,5,"Fz,C3,C4,Pz,POz",17,interpolation_residual,2.302142858505249,1.8165781497955322,0.9824966788291931,0.9648527503013611,0.3554968686292918,0.36656646673002846,0.5392598179441771,1.970401789646991,1.674305802854374,264,20000,CP1
True,A08T,5,"Fz,C3,C4,Pz,POz",17,interpolation_residual,2.1115901470184326,1.6698514223098755,0.9873484969139099,0.9741563200950623,0.3554968686292918,0.36656646673002846,0.5392598179441771,1.970401789646991,1.674305802854374,264,20000,CPz
True,A08T,5,"Fz,C3,C4,Pz,POz",17,interpolation_residual,2.0413756370544434,1.5951340198516846,0.9882573485374451,0.9764155745506287,0.3554968686292918,0.36656646673002846,0.5392598179441771,1.970401789646991,1.674305802854374,264,20000,CP2
True,A08T,5,"Fz,C3,C4,Pz,POz",17,interpolation_residual,2.9907021522521973,2.294316291809082,0.975705623626709,0.951734721660614,0.3554968686292918,0.36656646673002846,0.5392598179441771,1.970401789646991,1.674305802854374,264,20000,CP4
True,A08T,5,"Fz,C3,C4,Pz,POz",17,interpolation_residual,2.170354127883911,1.706580638885498,0.9843456149101257,0.9689173102378845,0.3554968686292918,0.36656646673002846,0.5392598179441771,1.970401789646991,1.674305802854374,264,20000,P1
True,A08T,5,"Fz,C3,C4,Pz,POz",17,interpolation_residual,2.0138022899627686,1.5546849966049194,0.9883478283882141,0.9767502546310425,0.3554968686292918,0.36656646673002846,0.5392598179441771,1.970401789646991,1.674305802854374,264,20000,P2
True,A08T,10,"Fz,FC3,FC4,C3,Cz,C4,CP3,CP4,Pz,POz",12,interpolation_residual,1.921617865562439,1.4792097806930542,0.9886656999588013,0.977434465104005,0.2092935130966685,0.24966456116282373,0.306900305934132,1.1476164815896523,1.0323510250614403,264,20000,
True,A08T,10,"Fz,FC3,FC4,C3,Cz,C4,CP3,CP4,Pz,POz",12,interpolation_residual,1.7767046689987183,1.405871868133545,0.990918755531311,0.9817296862602234,0.2092935130966685,0.24966456116282373,0.306900305934132,1.1476164815896523,1.0323510250614403,264,20000,FC1
True,A08T,10,"Fz,FC3,FC4,C3,Cz,C4,CP3,CP4,Pz,POz",12,interpolation_residual,1.8726205825805664,1.4819316864013672,0.9910837411880493,0.9816217422485352,0.2092935130966685,0.24966456116282373,0.306900305934132,1.1476164815896523,1.0323510250614403,264,20000,FCz
True,A08T,10,"Fz,FC3,FC4,C3,Cz,C4,CP3,CP4,Pz,POz",12,interpolation_residual,2.05415940284729,1.6297411918640137,0.9887324571609497,0.9775431752204895,0.2092935130966685,0.24966456116282373,0.306900305934132,1.1476164815896523,1.0323510250614403,264,20000,FC2
True,A08T,10,"Fz,FC3,FC4,C3,Cz,C4,CP3,CP4,Pz,POz",12,interpolation_residual,2.700319528579712,2.1259191036224365,0.9596961140632629,0.9198862910270691,0.2092935130966685,0.24966456116282373,0.306900305934132,1.1476164815896523,1.0323510250614403,264,20000,C5
True,A08T,10,"Fz,FC3,FC4,C3,Cz,C4,CP3,CP4,Pz,POz",12,interpolation_residual,1.7506486177444458,1.41142737865448,0.9903729557991028,0.9807628393173218,0.2092935130966685,0.24966456116282373,0.306900305934132,1.1476164815896523,1.0323510250614403,264,20000,C1
True,A08T,10,"Fz,FC3,FC4,C3,Cz,C4,CP3,CP4,Pz,POz",12,interpolation_residual,1.8020836114883423,1.4398808479309082,0.9908410310745239,0.9816377758979797,0.2092935130966685,0.24966456116282373,0.306900305934132,1.1476164815896523,1.0323510250614403,264,20000,C2
True,A08T,10,"Fz,FC3,FC4,C3,Cz,C4,CP3,CP4,Pz,POz",12,interpolation_residual,2.8282108306884766,2.211566686630249,0.9766952395439148,0.9496774673461914,0.2092935130966685,0.24966456116282373,0.306900305934132,1.1476164815896523,1.0323510250614403,264,20000,C6
True,A08T,10,"Fz,FC3,FC4,C3,Cz,C4,CP3,CP4,Pz,POz",12,interpolation_residual,1.7753283977508545,1.4172117710113525,0.9895101189613342,0.9790982604026794,0.2092935130966685,0.24966456116282373,0.306900305934132,1.1476164815896523,1.0323510250614403,264,20000,CP1
True,A08T,10,"Fz,FC3,FC4,C3,Cz,C4,CP3,CP4,Pz,POz",12,interpolation_residual,1.4859367609024048,1.176890254020691,0.99378502368927,0.9872021079063416,0.2092935130966685,0.24966456116282373,0.306900305934132,1.1476164815896523,1.0323510250614403,264,20000,CPz
True,A08T,10,"Fz,FC3,FC4,C3,Cz,C4,CP3,CP4,Pz,POz",12,interpolation_residual,1.3549538850784302,1.0631564855575562,0.9948444962501526,0.9896097183227539,0.2092935130966685,0.24966456116282373,0.306900305934132,1.1476164815896523,1.0323510250614403,264,20000,CP2
True,A08T,10,"Fz,FC3,FC4,C3,Cz,C4,CP3,CP4,Pz,POz",12,interpolation_residual,1.56662118434906,1.2400885820388794,0.9918914437294006,0.9838048815727234,0.2092935130966685,0.24966456116282373,0.306900305934132,1.1476164815896523,1.0323510250614403,264,20000,P1
True,A08T,10,"Fz,FC3,FC4,C3,Cz,C4,CP3,CP4,Pz,POz",12,interpolation_residual,1.4750003814697266,1.1468151807785034,0.9938543438911438,0.9875271320343018,0.2092935130966685,0.24966456116282373,0.306900305934132,1.1476164815896523,1.0323510250614403,264,20000,P2
True,A08T,15,"Fz,FC3,FC1,FC2,FC4,C3,C1,Cz,C2,C4,CP3,CP1,CP2,CP4,Pz",7,interpolation_residual,2.27866792678833,1.700435757637024,0.9835899472236633,0.9674180811812584,0.3100410768403843,0.38193874124770627,0.4660772893462615,1.8051090864535748,1.61073040596605,264,20000,
True,A08T,15,"Fz,FC3,FC1,FC2,FC4,C3,C1,Cz,C2,C4,CP3,CP1,CP2,CP4,Pz",7,interpolation_residual,1.6495269536972046,1.303135633468628,0.9933289289474487,0.9857398271560669,0.3100410768403843,0.38193874124770627,0.4660772893462615,1.8051090864535748,1.61073040596605,264,20000,FCz
True,A08T,15,"Fz,FC3,FC1,FC2,FC4,C3,C1,Cz,C2,C4,CP3,CP1,CP2,CP4,Pz",7,interpolation_residual,2.573946237564087,2.0210916996002197,0.963416576385498,0.9272093772888184,0.3100410768403843,0.38193874124770627,0.4660772893462615,1.8051090864535748,1.61073040596605,264,20000,C5
True,A08T,15,"Fz,FC3,FC1,FC2,FC4,C3,C1,Cz,C2,C4,CP3,CP1,CP2,CP4,Pz",7,interpolation_residual,2.693758010864258,2.1000630855560303,0.9799122214317322,0.9543483257293701,0.3100410768403843,0.38193874124770627,0.4660772893462615,1.8051090864535748,1.61073040596605,264,20000,C6
True,A08T,15,"Fz,FC3,FC1,FC2,FC4,C3,C1,Cz,C2,C4,CP3,CP1,CP2,CP4,Pz",7,interpolation_residual,1.3736172914505005,1.079034447669983,0.9946244359016418,0.9890637993812561,0.3100410768403843,0.38193874124770627,0.4660772893462615,1.8051090864535748,1.61073040596605,264,20000,CPz
True,A08T,15,"Fz,FC3,FC1,FC2,FC4,C3,C1,Cz,C2,C4,CP3,CP1,CP2,CP4,Pz",7,interpolation_residual,1.7540571689605713,1.382924199104309,0.9898059964179993,0.9796977639198303,0.3100410768403843,0.38193874124770627,0.4660772893462615,1.8051090864535748,1.61073040596605,264,20000,P1
True,A08T,15,"Fz,FC3,FC1,FC2,FC4,C3,C1,Cz,C2,C4,CP3,CP1,CP2,CP4,Pz",7,interpolation_residual,1.702857494354248,1.3307541608810425,0.9917352199554443,0.9833758473396301,0.3100410768403843,0.38193874124770627,0.4660772893462615,1.8051090864535748,1.61073040596605,264,20000,P2
True,A08T,15,"Fz,FC3,FC1,FC2,FC4,C3,C1,Cz,C2,C4,CP3,CP1,CP2,CP4,Pz",7,interpolation_residual,3.446819305419922,2.6860227584838867,0.9657965302467346,0.9325743317604065,0.3100410768403843,0.38193874124770627,0.4660772893462615,1.8051090864535748,1.61073040596605,264,20000,POz
True,A09T,5,"Fz,C3,C4,Pz,POz",17,interpolation_residual,3.504016637802124,2.6863293647766113,0.9657802581787109,0.9326956710890837,0.3143373732421712,0.39091057492436854,0.5347042033030694,2.143796150589816,1.791825621581628,237,20000,
True,A09T,5,"Fz,C3,C4,Pz,POz",17,interpolation_residual,3.3814098834991455,2.6152021884918213,0.961225152015686,0.9218152165412903,0.3143373732421712,0.39091057492436854,0.5347042033030694,2.143796150589816,1.791825621581628,237,20000,FC3
True,A09T,5,"Fz,C3,C4,Pz,POz",17,interpolation_residual,3.1706433296203613,2.4767251014709473,0.9695128798484802,0.9395927786827087,0.3143373732421712,0.39091057492436854,0.5347042033030694,2.143796150589816,1.791825621581628,237,20000,FC1
True,A09T,5,"Fz,C3,C4,Pz,POz",17,interpolation_residual,4.0793867111206055,3.205721378326416,0.9541959166526794,0.9104386568069458,0.3143373732421712,0.39091057492436854,0.5347042033030694,2.143796150589816,1.791825621581628,237,20000,FCz
True,A09T,5,"Fz,C3,C4,Pz,POz",17,interpolation_residual,3.1209073066711426,2.448561906814575,0.9726670980453491,0.9458690881729126,0.3143373732421712,0.39091057492436854,0.5347042033030694,2.143796150589816,1.791825621581628,237,20000,FC2
True,A09T,5,"Fz,C3,C4,Pz,POz",17,interpolation_residual,3.4323651790618896,2.6885244846343994,0.9654844999313354,0.9315469861030579,0.3143373732421712,0.39091057492436854,0.5347042033030694,2.143796150589816,1.791825621581628,237,20000,FC4
True,A09T,5,"Fz,C3,C4,Pz,POz",17,interpolation_residual,3.9092235565185547,3.0649032592773438,0.929227888584137,0.8518748879432678,0.3143373732421712,0.39091057492436854,0.5347042033030694,2.143796150589816,1.791825621581628,237,20000,C5
True,A09T,5,"Fz,C3,C4,Pz,POz",17,interpolation_residual,3.287611961364746,2.596520185470581,0.9673812389373779,0.9357860088348389,0.3143373732421712,0.39091057492436854,0.5347042033030694,2.143796150589816,1.791825621581628,237,20000,C1
True,A09T,5,"Fz,C3,C4,Pz,POz",17,interpolation_residual,5.126950740814209,4.036674499511719,0.9283124208450317,0.8616857528686523,0.3143373732421712,0.39091057492436854,0.5347042033030694,2.143796150589816,1.791825621581628,237,20000,Cz
True,A09T,5,"Fz,C3,C4,Pz,POz",17,interpolation_residual,3.0155153274536133,2.3861870765686035,0.9741916656494141,0.9489704370498657,0.3143373732421712,0.39091057492436854,0.5347042033030694,2.143796150589816,1.791825621581628,237,20000,C2
True,A09T,5,"Fz,C3,C4,Pz,POz",17,interpolation_residual,4.047337055206299,3.188918352127075,0.9479256272315979,0.8975774645805359,0.3143373732421712,0.39091057492436854,0.5347042033030694,2.143796150589816,1.791825621581628,237,20000,C6
True,A09T,5,"Fz,C3,C4,Pz,POz",17,interpolation_residual,3.9281506538391113,2.983748197555542,0.959764838218689,0.9201663732528687,0.3143373732421712,0.39091057492436854,0.5347042033030694,2.143796150589816,1.791825621581628,237,20000,CP3
True,A09T,5,"Fz,C3,C4,Pz,POz",17,interpolation_residual,2.69991135597229,2.114017963409424,0.9798209071159363,0.9600020051002502,0.3143373732421712,0.39091057492436854,0.5347042033030694,2.143796150589816,1.791825621581628,237,20000,CP1
True,A09T,5,"Fz,C3,C4,Pz,POz",17,interpolation_residual,3.060971975326538,2.4059391021728516,0.9762881994247437,0.9529816508293152,0.3143373732421712,0.39091057492436854,0.5347042033030694,2.143796150589816,1.791825621581628,237,20000,CPz
True,A09T,5,"Fz,C3,C4,Pz,POz",17,interpolation_residual,2.4494569301605225,1.9000070095062256,0.984889805316925,0.9696974754333496,0.3143373732421712,0.39091057492436854,0.5347042033030694,2.143796150589816,1.791825621581628,237,20000,CP2
True,A09T,5,"Fz,C3,C4,Pz,POz",17,interpolation_residual,3.8603734970092773,2.9747579097747803,0.9678593873977661,0.9343112111091614,0.3143373732421712,0.39091057492436854,0.5347042033030694,2.143796150589816,1.791825621581628,237,20000,CP4
True,A09T,5,"Fz,C3,C4,Pz,POz",17,interpolation_residual,3.0098419189453125,2.2852818965911865,0.9789394736289978,0.9578636288642883,0.3143373732421712,0.39091057492436854,0.5347042033030694,2.143796150589816,1.791825621581628,237,20000,P1
True,A09T,5,"Fz,C3,C4,Pz,POz",17,interpolation_residual,3.0293660163879395,2.2958927154541016,0.9804162979125977,0.9611594080924988,0.3143373732421712,0.39091057492436854,0.5347042033030694,2.143796150589816,1.791825621581628,237,20000,P2
True,A09T,10,"Fz,FC3,FC4,C3,Cz,C4,CP3,CP4,Pz,POz",12,interpolation_residual,2.375671148300171,1.7751179933547974,0.9843297004699707,0.9688284974587628,0.19945176316222538,0.23317192547934212,0.2938868399479865,1.0791196512720425,0.94144487805101,237,20000,
True,A09T,10,"Fz,FC3,FC4,C3,Cz,C4,CP3,CP4,Pz,POz",12,interpolation_residual,1.9087408781051636,1.5019502639770508,0.9891273379325867,0.9781078696250916,0.19945176316222538,0.23317192547934212,0.2938868399479865,1.0791196512720425,0.94144487805101,237,20000,FC1
True,A09T,10,"Fz,FC3,FC4,C3,Cz,C4,CP3,CP4,Pz,POz",12,interpolation_residual,2.2428605556488037,1.7707005739212036,0.9864757061004639,0.9729269742965698,0.19945176316222538,0.23317192547934212,0.2938868399479865,1.0791196512720425,0.94144487805101,237,20000,FCz
True,A09T,10,"Fz,FC3,FC4,C3,Cz,C4,CP3,CP4,Pz,POz",12,interpolation_residual,2.125382423400879,1.6774396896362305,0.9874021410942078,0.9748952388763428,0.19945176316222538,0.23317192547934212,0.2938868399479865,1.0791196512720425,0.94144487805101,237,20000,FC2
True,A09T,10,"Fz,FC3,FC4,C3,Cz,C4,CP3,CP4,Pz,POz",12,interpolation_residual,3.6769747734069824,2.872025489807129,0.9420860409736633,0.8689526915550232,0.19945176316222538,0.23317192547934212,0.2938868399479865,1.0791196512720425,0.94144487805101,237,20000,C5
True,A09T,10,"Fz,FC3,FC4,C3,Cz,C4,CP3,CP4,Pz,POz",12,interpolation_residual,1.856925368309021,1.4843865633010864,0.9897179007530212,0.9795140027999878,0.19945176316222538,0.23317192547934212,0.2938868399479865,1.0791196512720425,0.94144487805101,237,20000,C1
True,A09T,10,"Fz,FC3,FC4,C3,Cz,C4,CP3,CP4,Pz,POz",12,interpolation_residual,1.8783644437789917,1.4958889484405518,0.9900803565979004,0.9802002906799316,0.19945176316222538,0.23317192547934212,0.2938868399479865,1.0791196512720425,0.94144487805101,237,20000,C2
True,A09T,10,"Fz,FC3,FC4,C3,Cz,C4,CP3,CP4,Pz,POz",12,interpolation_residual,3.8573782444000244,3.044922113418579,0.9545952677726746,0.9069661498069763,0.19945176316222538,0.23317192547934212,0.2938868399479865,1.0791196512720425,0.94144487805101,237,20000,C6
True,A09T,10,"Fz,FC3,FC4,C3,Cz,C4,CP3,CP4,Pz,POz",12,interpolation_residual,1.765671968460083,1.400975227355957,0.9914206266403198,0.9828936457633972,0.19945176316222538,0.23317192547934212,0.2938868399479865,1.0791196512720425,0.94144487805101,237,20000,CP1
True,A09T,10,"Fz,FC3,FC4,C3,Cz,C4,CP3,CP4,Pz,POz",12,interpolation_residual,1.8540940284729004,1.4502567052841187,0.9919158816337585,0.9827491641044617,0.19945176316222538,0.23317192547934212,0.2938868399479865,1.0791196512720425,0.94144487805101,237,20000,CPz
True,A09T,10,"Fz,FC3,FC4,C3,Cz,C4,CP3,CP4,Pz,POz",12,interpolation_residual,1.4158289432525635,1.0900993347167969,0.9950593709945679,0.9898757338523865,0.19945176316222538,0.23317192547934212,0.2938868399479865,1.0791196512720425,0.94144487805101,237,20000,CP2
True,A09T,10,"Fz,FC3,FC4,C3,Cz,C4,CP3,CP4,Pz,POz",12,interpolation_residual,2.3611440658569336,1.830680251121521,0.9870596528053284,0.9740694165229797,0.19945176316222538,0.23317192547934212,0.2938868399479865,1.0791196512720425,0.94144487805101,237,20000,P1
True,A09T,10,"Fz,FC3,FC4,C3,Cz,C4,CP3,CP4,Pz,POz",12,interpolation_residual,2.241420030593872,1.6820839643478394,0.989472508430481,0.9787368774414062,0.19945176316222538,0.23317192547934212,0.2938868399479865,1.0791196512720425,0.94144487805101,237,20000,P2
True,A09T,15,"Fz,FC3,FC1,FC2,FC4,C3,C1,Cz,C2,C4,CP3,CP1,CP2,CP4,Pz",7,interpolation_residual,3.091766834259033,2.252366542816162,0.9754641652107239,0.9515037504002509,0.5314110435061474,0.5668193047273361,0.6435234671152643,2.34473734581768,2.125860543615242,237,20000,
True,A09T,15,"Fz,FC3,FC1,FC2,FC4,C3,C1,Cz,C2,C4,CP3,CP1,CP2,CP4,Pz",7,interpolation_residual,1.6655853986740112,1.3155471086502075,0.9925961494445801,0.985069751739502,0.5314110435061474,0.5668193047273361,0.6435234671152643,2.34473734581768,2.125860543615242,237,20000,FCz
True,A09T,15,"Fz,FC3,FC1,FC2,FC4,C3,C1,Cz,C2,C4,CP3,CP1,CP2,CP4,Pz",7,interpolation_residual,3.4459338188171387,2.695685386657715,0.9459158182144165,0.8849039077758789,0.5314110435061474,0.5668193047273361,0.6435234671152643,2.34473734581768,2.125860543615242,237,20000,C5
True,A09T,15,"Fz,FC3,FC1,FC2,FC4,C3,C1,Cz,C2,C4,CP3,CP1,CP2,CP4,Pz",7,interpolation_residual,3.551370620727539,2.7898342609405518,0.9606308341026306,0.9211416244506836,0.5314110435061474,0.5668193047273361,0.6435234671152643,2.34473734581768,2.125860543615242,237,20000,C6
True,A09T,15,"Fz,FC3,FC1,FC2,FC4,C3,C1,Cz,C2,C4,CP3,CP1,CP2,CP4,Pz",7,interpolation_residual,1.6726163625717163,1.3134474754333496,0.9931199550628662,0.985960841178894,0.5314110435061474,0.5668193047273361,0.6435234671152643,2.34473734581768,2.125860543615242,237,20000,CPz
True,A09T,15,"Fz,FC3,FC1,FC2,FC4,C3,C1,Cz,C2,C4,CP3,CP1,CP2,CP4,Pz",7,interpolation_residual,2.566093683242798,1.9828743934631348,0.9846553802490234,0.9693723917007446,0.5314110435061474,0.5668193047273361,0.6435234671152643,2.34473734581768,2.125860543615242,237,20000,P1
True,A09T,15,"Fz,FC3,FC1,FC2,FC4,C3,C1,Cz,C2,C4,CP3,CP1,CP2,CP4,Pz",7,interpolation_residual,2.38775372505188,1.8139097690582275,0.9879489541053772,0.97586989402771,0.5314110435061474,0.5668193047273361,0.6435234671152643,2.34473734581768,2.125860543615242,237,20000,P2
True,A09T,15,"Fz,FC3,FC1,FC2,FC4,C3,C1,Cz,C2,C4,CP3,CP1,CP2,CP4,Pz",7,interpolation_residual,4.95665168762207,3.8552613258361816,0.95625239610672,0.912329912185669,0.5314110435061474,0.5668193047273361,0.6435234671152643,2.34473734581768,2.125860543615242,237,20000,POz
