test_subject,n_input_channels,input_channels,n_reconstructed_channels,method,rmse,mae,pearson_r,r2,band_rmse_delta,band_rmse_theta,band_rmse_alpha,band_rmse_beta,band_rmse_gamma,n_test_trials,n_test_samples,channel
A01T,5,"Fz,C3,C4,Pz,POz",17,spherical_spline,2.6854628391220317,2.0187883413453958,0.9643934615271206,0.9288198783954137,1.5947354875021877,0.9982819105194165,1.7973697209434978,0.872620476264679,0.2073585537941614,273,273000,
A01T,5,"Fz,C3,C4,Pz,POz",17,spherical_spline,2.1827239549664488,1.7267091334406022,0.9757279577298188,0.9520277731598797,1.5947354875021877,0.9982819105194165,1.7973697209434978,0.872620476264679,0.2073585537941614,273,273000,FC3
A01T,5,"Fz,C3,C4,Pz,POz",17,spherical_spline,2.592663218197663,2.050543022230103,0.9703952055537085,0.9416227944726562,1.5947354875021877,0.9982819105194165,1.7973697209434978,0.872620476264679,0.2073585537941614,273,273000,FC1
A01T,5,"Fz,C3,C4,Pz,POz",17,spherical_spline,3.488651101249059,2.7467576495390844,0.9508652676082051,0.9037530205398135,1.5947354875021877,0.9982819105194165,1.7973697209434978,0.872620476264679,0.2073585537941614,273,273000,FCz
A01T,5,"Fz,C3,C4,Pz,POz",17,spherical_spline,2.4339839257573814,1.912492317601313,0.9744187455981141,0.9491975140166738,1.5947354875021877,0.9982819105194165,1.7973697209434978,0.872620476264679,0.2073585537941614,273,273000,FC2
A01T,5,"Fz,C3,C4,Pz,POz",17,spherical_spline,2.2915683746715287,1.8025798277600287,0.9751792133073258,0.9509713965655535,1.5947354875021877,0.9982819105194165,1.7973697209434978,0.872620476264679,0.2073585537941614,273,273000,FC4
A01T,5,"Fz,C3,C4,Pz,POz",17,spherical_spline,4.4172621729463915,3.527000581144659,0.8681930204810596,0.7039650267834594,1.5947354875021877,0.9982819105194165,1.7973697209434978,0.872620476264679,0.2073585537941614,273,273000,C5
A01T,5,"Fz,C3,C4,Pz,POz",17,spherical_spline,2.5418594865462123,2.0166751956089466,0.9699600149306596,0.9391880579798442,1.5947354875021877,0.9982819105194165,1.7973697209434978,0.872620476264679,0.2073585537941614,273,273000,C1
A01T,5,"Fz,C3,C4,Pz,POz",17,spherical_spline,3.351423204117989,2.645420935710884,0.9533354333566507,0.9075475986974313,1.5947354875021877,0.9982819105194165,1.7973697209434978,0.872620476264679,0.2073585537941614,273,273000,Cz
A01T,5,"Fz,C3,C4,Pz,POz",17,spherical_spline,2.5276070934091535,1.9982674253528543,0.971545882512904,0.9419145361216243,1.5947354875021877,0.9982819105194165,1.7973697209434978,0.872620476264679,0.2073585537941614,273,273000,C2
A01T,5,"Fz,C3,C4,Pz,POz",17,spherical_spline,4.341224057211244,3.4586436239191585,0.8883250559670303,0.7617760306969121,1.5947354875021877,0.9982819105194165,1.7973697209434978,0.872620476264679,0.2073585537941614,273,273000,C6
A01T,5,"Fz,C3,C4,Pz,POz",17,spherical_spline,2.3107199327328285,1.8206879068678443,0.9696726856701361,0.9402528378725684,1.5947354875021877,0.9982819105194165,1.7973697209434978,0.872620476264679,0.2073585537941614,273,273000,CP3
A01T,5,"Fz,C3,C4,Pz,POz",17,spherical_spline,1.802558744302516,1.443671510421777,0.9836600667174796,0.966945232432577,1.5947354875021877,0.9982819105194165,1.7973697209434978,0.872620476264679,0.2073585537941614,273,273000,CP1
A01T,5,"Fz,C3,C4,Pz,POz",17,spherical_spline,2.0968538297736172,1.6595526518517183,0.9796675581440747,0.9587183590276954,1.5947354875021877,0.9982819105194165,1.7973697209434978,0.872620476264679,0.2073585537941614,273,273000,CPz
A01T,5,"Fz,C3,C4,Pz,POz",17,spherical_spline,1.7064436804834389,1.3495097094292015,0.9859531926225036,0.9711376222075436,1.5947354875021877,0.9982819105194165,1.7973697209434978,0.872620476264679,0.2073585537941614,273,273000,CP2
A01T,5,"Fz,C3,C4,Pz,POz",17,spherical_spline,1.9451029994426845,1.534086029822438,0.979871686247362,0.9601429774202029,1.5947354875021877,0.9982819105194165,1.7973697209434978,0.872620476264679,0.2073585537941614,273,273000,CP4
A01T,5,"Fz,C3,C4,Pz,POz",17,spherical_spline,1.7797253605104908,1.3915901636648111,0.98275405565191,0.9656862005895217,1.5947354875021877,0.9982819105194165,1.7973697209434978,0.872620476264679,0.2073585537941614,273,273000,P1
A01T,5,"Fz,C3,C4,Pz,POz",17,spherical_spline,1.574195050049718,1.2352141185062948,0.9867926833441957,0.9732643999882433,1.5947354875021877,0.9982819105194165,1.7973697209434978,0.872620476264679,0.2073585537941614,273,273000,P2
A01T,10,"Fz,FC3,FC4,C3,Cz,C4,CP3,CP4,Pz,POz",12,spherical_spline,2.1534333971282624,1.607594698380659,0.9773797651887778,0.9540170467364205,1.6572326028361155,0.8281925086625372,1.2360550391834273,0.47011235785239175,0.16335470987021528,273,273000,
A01T,10,"Fz,FC3,FC4,C3,Cz,C4,CP3,CP4,Pz,POz",12,spherical_spline,1.9398330438342395,1.5601448725454565,0.983619811965729,0.9673201695315002,1.6572326028361155,0.8281925086625372,1.2360550391834273,0.47011235785239175,0.16335470987021528,273,273000,FC1
A01T,10,"Fz,FC3,FC4,C3,Cz,C4,CP3,CP4,Pz,POz",12,spherical_spline,2.2011631057741754,1.7128581684256812,0.9806834681065639,0.9616843248415302,1.6572326028361155,0.8281925086625372,1.2360550391834273,0.47011235785239175,0.16335470987021528,273,273000,FCz
A01T,10,"Fz,FC3,FC4,C3,Cz,C4,CP3,CP4,Pz,POz",12,spherical_spline,1.89969563561558,1.5524742584167044,0.9846504925861146,0.9690530678268988,1.6572326028361155,0.8281925086625372,1.2360550391834273,0.47011235785239175,0.16335470987021528,273,273000,FC2
A01T,10,"Fz,FC3,FC4,C3,Cz,C4,CP3,CP4,Pz,POz",12,spherical_spline,3.7570231333745046,3.0152386900724486,0.9046947187882524,0.7858468795058969,1.6572326028361155,0.8281925086625372,1.2360550391834273,0.47011235785239175,0.16335470987021528,273,273000,C5
A01T,10,"Fz,FC3,FC4,C3,Cz,C4,CP3,CP4,Pz,POz",12,spherical_spline,1.966781608096909,1.6247119523349827,0.9821944208528772,0.9635918953114281,1.6572326028361155,0.8281925086625372,1.2360550391834273,0.47011235785239175,0.16335470987021528,273,273000,C1
A01T,10,"Fz,FC3,FC4,C3,Cz,C4,CP3,CP4,Pz,POz",12,spherical_spline,1.9592793116348188,1.6283603221414804,0.9829576945047931,0.9650987455913903,1.6572326028361155,0.8281925086625372,1.2360550391834273,0.47011235785239175,0.16335470987021528,273,273000,C2
A01T,10,"Fz,FC3,FC4,C3,Cz,C4,CP3,CP4,Pz,POz",12,spherical_spline,3.5012128866542045,2.7785409751283243,0.9276829620592326,0.8450476771143353,1.6572326028361155,0.8281925086625372,1.2360550391834273,0.47011235785239175,0.16335470987021528,273,273000,C6
A01T,10,"Fz,FC3,FC4,C3,Cz,C4,CP3,CP4,Pz,POz",12,spherical_spline,1.6313987838978579,1.3634421097425837,0.9866057924347078,0.9729245600582549,1.6572326028361155,0.8281925086625372,1.2360550391834273,0.47011235785239175,0.16335470987021528,273,273000,CP1
A01T,10,"Fz,FC3,FC4,C3,Cz,C4,CP3,CP4,Pz,POz",12,spherical_spline,1.3534976662727705,1.0676311550643,0.9914149188387348,0.982799714298362,1.6572326028361155,0.8281925086625372,1.2360550391834273,0.47011235785239175,0.16335470987021528,273,273000,CPz
A01T,10,"Fz,FC3,FC4,C3,Cz,C4,CP3,CP4,Pz,POz",12,spherical_spline,1.2629780953490837,0.996203439319162,0.9922446907020385,0.9841897104008839,1.6572326028361155,0.8281925086625372,1.2360550391834273,0.47011235785239175,0.16335470987021528,273,273000,CP2
A01T,10,"Fz,FC3,FC4,C3,Cz,C4,CP3,CP4,Pz,POz",12,spherical_spline,1.3775390424805316,1.0742683915583984,0.9897114729501503,0.9794424827572574,1.6572326028361155,0.8281925086625372,1.2360550391834273,0.47011235785239175,0.16335470987021528,273,273000,P1
A01T,10,"Fz,FC3,FC4,C3,Cz,C4,CP3,CP4,Pz,POz",12,spherical_spline,1.1677006300104384,0.9172620458184015,0.9927883881447316,0.9852892139482333,1.6572326028361155,0.8281925086625372,1.2360550391834273,0.47011235785239175,0.16335470987021528,273,273000,P2
A01T,15,"Fz,FC3,FC1,FC2,FC4,C3,C1,Cz,C2,C4,CP3,CP1,CP2,CP4,Pz",7,spherical_spline,3.098630423986857,2.221027533862467,0.9513228426428006,0.8974674152284697,2.4238641223691926,1.0774310205356317,3.073498746709763,1.282897641357767,0.5560513335198889,273,273000,
A01T,15,"Fz,FC3,FC1,FC2,FC4,C3,C1,Cz,C2,C4,CP3,CP1,CP2,CP4,Pz",7,spherical_spline,2.4488058447697094,1.9586269990740366,0.9760119161687759,0.9525779046747956,2.4238641223691926,1.0774310205356317,3.073498746709763,1.282897641357767,0.5560513335198889,273,273000,FCz
A01T,15,"Fz,FC3,FC1,FC2,FC4,C3,C1,Cz,C2,C4,CP3,CP1,CP2,CP4,Pz",7,spherical_spline,5.367594712335564,4.507603962495307,0.830422469457878,0.5628846059693804,2.4238641223691926,1.0774310205356317,3.073498746709763,1.282897641357767,0.5560513335198889,273,273000,C5
A01T,15,"Fz,FC3,FC1,FC2,FC4,C3,C1,Cz,C2,C4,CP3,CP1,CP2,CP4,Pz",7,spherical_spline,4.256788289943849,3.494036796287709,0.9017331897216623,0.7709527103905363,2.4238641223691926,1.0774310205356317,3.073498746709763,1.282897641357767,0.5560513335198889,273,273000,C6
A01T,15,"Fz,FC3,FC1,FC2,FC4,C3,C1,Cz,C2,C4,CP3,CP1,CP2,CP4,Pz",7,spherical_spline,1.6221063936848965,1.301515089295935,0.9875711147009698,0.9752953155898472,2.4238641223691926,1.0774310205356317,3.073498746709763,1.282897641357767,0.5560513335198889,273,273000,CPz
A01T,15,"Fz,FC3,FC1,FC2,FC4,C3,C1,Cz,C2,C4,CP3,CP1,CP2,CP4,Pz",7,spherical_spline,1.3536821355395814,1.05713504195514,0.9901762054587882,0.9801483675697572,2.4238641223691926,1.0774310205356317,3.073498746709763,1.282897641357767,0.5560513335198889,273,273000,P1
A01T,15,"Fz,FC3,FC1,FC2,FC4,C3,C1,Cz,C2,C4,CP3,CP1,CP2,CP4,Pz",7,spherical_spline,1.2046201933370753,0.9491182054464085,0.9925002925255153,0.9843442770084836,2.4238641223691926,1.0774310205356317,3.073498746709763,1.282897641357767,0.5560513335198889,273,273000,P2
A01T,15,"Fz,FC3,FC1,FC2,FC4,C3,C1,Cz,C2,C4,CP3,CP1,CP2,CP4,Pz",7,spherical_spline,2.892716653565784,2.279156642482684,0.9578623833872049,0.9095566338171539,2.4238641223691926,1.0774310205356317,3.073498746709763,1.282897641357767,0.5560513335198889,273,273000,POz
A02T,5,"Fz,C3,C4,Pz,POz",17,spherical_spline,2.3206466391482734,1.7224157382270135,0.9649080416108882,0.9302823935079918,0.8033385617442614,1.1023977751763805,1.1799979745905809,0.4330207984408091,0.3957741640213027,270,270000,
A02T,5,"Fz,C3,C4,Pz,POz",17,spherical_spline,1.7513646004025414,1.379303783110704,0.9771496857851203,0.954816962229782,0.8033385617442614,1.1023977751763805,1.1799979745905809,0.4330207984408091,0.3957741640213027,270,270000,FC3
A02T,5,"Fz,C3,C4,Pz,POz",17,spherical_spline,1.9899464552411246,1.5750807725506561,0.9757223096604042,0.952021182832059,0.8033385617442614,1.1023977751763805,1.1799979745905809,0.4330207984408091,0.3957741640213027,270,270000,FC1
A02T,5,"Fz,C3,C4,Pz,POz",17,spherical_spline,2.770156233237168,2.203070415807596,0.9581538097850245,0.9176240459882037,0.8033385617442614,1.1023977751763805,1.1799979745905809,0.4330207984408091,0.3957741640213027,270,270000,FCz
A02T,5,"Fz,C3,C4,Pz,POz",17,spherical_spline,2.961502365592995,2.344706342422393,0.9511524579828365,0.9029612462538797,0.8033385617442614,1.1023977751763805,1.1799979745905809,0.4330207984408091,0.3957741640213027,270,270000,FC2
A02T,5,"Fz,C3,C4,Pz,POz",17,spherical_spline,2.5537964584595128,2.0018517528013926,0.9606368161972739,0.9221904460515717,0.8033385617442614,1.1023977751763805,1.1799979745905809,0.4330207984408091,0.3957741640213027,270,270000,FC4
A02T,5,"Fz,C3,C4,Pz,POz",17,spherical_spline,3.934153182473701,3.0807833474783384,0.849953538985348,0.7054783664134819,0.8033385617442614,1.1023977751763805,1.1799979745905809,0.4330207984408091,0.3957741640213027,270,270000,C5
A02T,5,"Fz,C3,C4,Pz,POz",17,spherical_spline,2.12674676610538,1.6934730379799083,0.9711702259452509,0.9424241327002572,0.8033385617442614,1.1023977751763805,1.1799979745905809,0.4330207984408091,0.3957741640213027,270,270000,C1
A02T,5,"Fz,C3,C4,Pz,POz",17,spherical_spline,2.683635368641738,2.1330925258935283,0.9602925101807254,0.9213847055379057,0.8033385617442614,1.1023977751763805,1.1799979745905809,0.4330207984408091,0.3957741640213027,270,270000,Cz
A02T,5,"Fz,C3,C4,Pz,POz",17,spherical_spline,2.0211318174096373,1.6128186095613062,0.9768004959516834,0.952030759472685,0.8033385617442614,1.1023977751763805,1.1799979745905809,0.4330207984408091,0.3957741640213027,270,270000,C2
A02T,5,"Fz,C3,C4,Pz,POz",17,spherical_spline,3.8150038076445307,3.0187578963298844,0.9026945611708971,0.812030340244393,0.8033385617442614,1.1023977751763805,1.1799979745905809,0.4330207984408091,0.3957741640213027,270,270000,C6
A02T,5,"Fz,C3,C4,Pz,POz",17,spherical_spline,1.4412578487660426,1.1391921536498755,0.9838497633757665,0.9671870246911772,0.8033385617442614,1.1023977751763805,1.1799979745905809,0.4330207984408091,0.3957741640213027,270,270000,CP3
A02T,5,"Fz,C3,C4,Pz,POz",17,spherical_spline,1.6664830279655398,1.3423591328099396,0.9810148324755796,0.9617920514703043,0.8033385617442614,1.1023977751763805,1.1799979745905809,0.4330207984408091,0.3957741640213027,270,270000,CP1
A02T,5,"Fz,C3,C4,Pz,POz",17,spherical_spline,1.6953444937559874,1.3504266690364415,0.982644893471649,0.9641485069497577,0.8033385617442614,1.1023977751763805,1.1799979745905809,0.4330207984408091,0.3957741640213027,270,270000,CPz
A02T,5,"Fz,C3,C4,Pz,POz",17,spherical_spline,1.4482362669413331,1.1449856478405729,0.9873492070295604,0.973603954990546,0.8033385617442614,1.1023977751763805,1.1799979745905809,0.4330207984408091,0.3957741640213027,270,270000,CP2
A02T,5,"Fz,C3,C4,Pz,POz",17,spherical_spline,1.7551233492996658,1.3962553321824152,0.9798043925853595,0.9599952376476312,0.8033385617442614,1.1023977751763805,1.1799979745905809,0.4330207984408091,0.3957741640213027,270,270000,CP4
A02T,5,"Fz,C3,C4,Pz,POz",17,spherical_spline,1.2354961571080356,0.9712894194679884,0.9883829373656874,0.9766375709635383,0.8033385617442614,1.1023977751763805,1.1799979745905809,0.4330207984408091,0.3957741640213027,270,270000,P1
A02T,5,"Fz,C3,C4,Pz,POz",17,spherical_spline,1.1330893200193528,0.8936207109362546,0.9912468526262053,0.9822001231160452,0.8033385617442614,1.1023977751763805,1.1799979745905809,0.4330207984408091,0.3957741640213027,270,270000,P2
A02T,10,"Fz,FC3,FC4,C3,Cz,C4,CP3,CP4,Pz,POz",12,spherical_spline,2.1995007157112147,1.5657990191146405,0.9688379351494211,0.937546955835584,0.992589519415083,0.858157312414187,0.5841690988808523,0.37291266700857967,0.5530589159016581,270,270000,
A02T,10,"Fz,FC3,FC4,C3,Cz,C4,CP3,CP4,Pz,POz",12,spherical_spline,1.6563628452596504,1.3512505490996092,0.983250913854344,0.9667587217501704,0.992589519415083,0.858157312414187,0.5841690988808523,0.37291266700857967,0.5530589159016581,270,270000,FC1
A02T,10,"Fz,FC3,FC4,C3,Cz,C4,CP3,CP4,Pz,POz",12,spherical_spline,1.5501758970449906,1.2260716596656254,0.9870200205982358,0.9742039095887401,0.992589519415083,0.858157312414187,0.5841690988808523,0.37291266700857967,0.5530589159016581,270,270000,FCz
A02T,10,"Fz,FC3,FC4,C3,Cz,C4,CP3,CP4,Pz,POz",12,spherical_spline,2.8237215994007454,2.2573102497345108,0.9556361857621938,0.91178045890685,0.992589519415083,0.858157312414187,0.5841690988808523,0.37291266700857967,0.5530589159016581,270,270000,FC2
A02T,10,"Fz,FC3,FC4,C3,Cz,C4,CP3,CP4,Pz,POz",12,spherical_spline,4.052815315329583,3.0920319553113984,0.8437096517844181,0.6874436718864785,0.992589519415083,0.858157312414187,0.5841690988808523,0.37291266700857967,0.5530589159016581,270,270000,C5
A02T,10,"Fz,FC3,FC4,C3,Cz,C4,CP3,CP4,Pz,POz",12,spherical_spline,1.9184771541223107,1.5855541194409584,0.9766533454463573,0.9531486412824198,0.992589519415083,0.858157312414187,0.5841690988808523,0.37291266700857967,0.5530589159016581,270,270000,C1
A02T,10,"Fz,FC3,FC4,C3,Cz,C4,CP3,CP4,Pz,POz",12,spherical_spline,1.8698828465413562,1.565929576704367,0.9803980798561701,0.9589415680001903,0.992589519415083,0.858157312414187,0.5841690988808523,0.37291266700857967,0.5530589159016581,270,270000,C2
A02T,10,"Fz,FC3,FC4,C3,Cz,C4,CP3,CP4,Pz,POz",12,spherical_spline,3.749511469950837,2.9056737980967045,0.9058890007127417,0.818428710982568,0.992589519415083,0.858157312414187,0.5841690988808523,0.37291266700857967,0.5530589159016581,270,270000,C6
A02T,10,"Fz,FC3,FC4,C3,Cz,C4,CP3,CP4,Pz,POz",12,spherical_spline,1.5416332891519,1.3035203926058316,0.9838388439463708,0.967302534564681,0.992589519415083,0.858157312414187,0.5841690988808523,0.37291266700857967,0.5530589159016581,270,270000,CP1
A02T,10,"Fz,FC3,FC4,C3,Cz,C4,CP3,CP4,Pz,POz",12,spherical_spline,1.031413745446029,0.822422184215313,0.9936109151929143,0.9867304206342843,0.992589519415083,0.858157312414187,0.5841690988808523,0.37291266700857967,0.5530589159016581,270,270000,CPz
A02T,10,"Fz,FC3,FC4,C3,Cz,C4,CP3,CP4,Pz,POz",12,spherical_spline,1.2397459762593084,0.9775963831061385,0.9908253266676926,0.9806569284994022,0.992589519415083,0.858157312414187,0.5841690988808523,0.37291266700857967,0.5530589159016581,270,270000,CP2
A02T,10,"Fz,FC3,FC4,C3,Cz,C4,CP3,CP4,Pz,POz",12,spherical_spline,1.106999641738635,0.8837196783357004,0.9908543138874601,0.981244434718818,0.992589519415083,0.858157312414187,0.5841690988808523,0.37291266700857967,0.5530589159016581,270,270000,P1
A02T,10,"Fz,FC3,FC4,C3,Cz,C4,CP3,CP4,Pz,POz",12,spherical_spline,1.0342260023771577,0.8185076830594838,0.9927762747885267,0.9851707355050741,0.992589519415083,0.858157312414187,0.5841690988808523,0.37291266700857967,0.5530589159016581,270,270000,P2
A02T,15,"Fz,FC3,FC1,FC2,FC4,C3,C1,Cz,C2,C4,CP3,CP1,CP2,CP4,Pz",7,spherical_spline,3.0564050827834355,2.094252075510436,0.9377910601822849,0.8701952402575539,1.7634726733835053,1.05355560045205,1.074385943158176,1.0347761300360272,0.16912024408078563,270,270000,
A02T,15,"Fz,FC3,FC1,FC2,FC4,C3,C1,Cz,C2,C4,CP3,CP1,CP2,CP4,Pz",7,spherical_spline,2.0796453092768865,1.7171544748360759,0.9765578857494386,0.9535730159658604,1.7634726733835053,1.05355560045205,1.074385943158176,1.0347761300360272,0.16912024408078563,270,270000,FCz
A02T,15,"Fz,FC3,FC1,FC2,FC4,C3,C1,Cz,C2,C4,CP3,CP1,CP2,CP4,Pz",7,spherical_spline,5.492235175913278,4.570771780438256,0.7517392728358251,0.42599864235991636,1.7634726733835053,1.05355560045205,1.074385943158176,1.0347761300360272,0.16912024408078563,270,270000,C5
A02T,15,"Fz,FC3,FC1,FC2,FC4,C3,C1,Cz,C2,C4,CP3,CP1,CP2,CP4,Pz",7,spherical_spline,4.698217047961195,3.799078868301706,0.8657151482017006,0.7149218336940051,1.7634726733835053,1.05355560045205,1.074385943158176,1.0347761300360272,0.16912024408078563,270,270000,C6
A02T,15,"Fz,FC3,FC1,FC2,FC4,C3,C1,Cz,C2,C4,CP3,CP1,CP2,CP4,Pz",7,spherical_spline,1.3198457894532611,1.084611638285954,0.9891139330531207,0.9782711016050675,1.7634726733835053,1.05355560045205,1.074385943158176,1.0347761300360272,0.16912024408078563,270,270000,CPz
A02T,15,"Fz,FC3,FC1,FC2,FC4,C3,C1,Cz,C2,C4,CP3,CP1,CP2,CP4,Pz",7,spherical_spline,1.1565481098413777,0.9221114610168625,0.9903415822098456,0.9795278901262959,1.7634726733835053,1.05355560045205,1.074385943158176,1.0347761300360272,0.16912024408078563,270,270000,P1
A02T,15,"Fz,FC3,FC1,FC2,FC4,C3,C1,Cz,C2,C4,CP3,CP1,CP2,CP4,Pz",7,spherical_spline,1.111113054567343,0.8805463164141955,0.9918316950709407,0.9828838845726031,1.7634726733835053,1.05355560045205,1.074385943158176,1.0347761300360272,0.16912024408078563,270,270000,P2
A02T,15,"Fz,FC3,FC1,FC2,FC4,C3,C1,Cz,C2,C4,CP3,CP1,CP2,CP4,Pz",7,spherical_spline,2.1246882788814405,1.6854899892802067,0.9690206203580457,0.928331631505433,1.7634726733835053,1.05355560045205,1.074385943158176,1.0347761300360272,0.16912024408078563,270,270000,POz
A03T,5,"Fz,C3,C4,Pz,POz",17,spherical_spline,2.982145877828382,2.197091292131526,0.9690820540460402,0.9374595819404122,1.2196161659560447,1.202432887741817,5.712411720214092,0.7561011866722884,0.480337034516492,270,270000,
A03T,5,"Fz,C3,C4,Pz,POz",17,spherical_spline,2.634545119686262,2.0701444063992334,0.9736047136521008,0.9470128889762369,1.2196161659560447,1.202432887741817,5.712411720214092,0.7561011866722884,0.480337034516492,270,270000,FC3
A03T,5,"Fz,C3,C4,Pz,POz",17,spherical_spline,2.580822228012435,2.0415585418163302,0.9760131074653398,0.9518018112480858,1.2196161659560447,1.202432887741817,5.712411720214092,0.7561011866722884,0.480337034516492,270,270000,FC1
A03T,5,"Fz,C3,C4,Pz,POz",17,spherical_spline,3.363577997723144,2.6560633717254394,0.9608500722047394,0.9215519980471207,1.2196161659560447,1.202432887741817,5.712411720214092,0.7561011866722884,0.480337034516492,270,270000,FCz
A03T,5,"Fz,C3,C4,Pz,POz",17,spherical_spline,2.504658979615197,1.980972515407281,0.977575669170088,0.9545411840277745,1.2196161659560447,1.202432887741817,5.712411720214092,0.7561011866722884,0.480337034516492,270,270000,FC2
A03T,5,"Fz,C3,C4,Pz,POz",17,spherical_spline,2.458557486870625,1.9268247906211597,0.9774450824888997,0.9551750313088607,1.2196161659560447,1.202432887741817,5.712411720214092,0.7561011866722884,0.480337034516492,270,270000,FC4
A03T,5,"Fz,C3,C4,Pz,POz",17,spherical_spline,5.6291897339781825,4.296852238698068,0.8795983570878877,0.7270393531274479,1.2196161659560447,1.202432887741817,5.712411720214092,0.7561011866722884,0.480337034516492,270,270000,C5
A03T,5,"Fz,C3,C4,Pz,POz",17,spherical_spline,2.8948835955357373,2.2845728108358196,0.9718413308100259,0.9416575257515177,1.2196161659560447,1.202432887741817,5.712411720214092,0.7561011866722884,0.480337034516492,270,270000,C1
A03T,5,"Fz,C3,C4,Pz,POz",17,spherical_spline,3.7224260365999777,2.9410151418477724,0.9556272960907094,0.9073993666179457,1.2196161659560447,1.202432887741817,5.712411720214092,0.7561011866722884,0.480337034516492,270,270000,Cz
A03T,5,"Fz,C3,C4,Pz,POz",17,spherical_spline,2.8940544982213674,2.285188734578412,0.9723613435017797,0.9406333701517677,1.2196161659560447,1.202432887741817,5.712411720214092,0.7561011866722884,0.480337034516492,270,270000,C2
A03T,5,"Fz,C3,C4,Pz,POz",17,spherical_spline,4.822625674200765,3.784746767082286,0.9159644834596601,0.8314598017279182,1.2196161659560447,1.202432887741817,5.712411720214092,0.7561011866722884,0.480337034516492,270,270000,C6
A03T,5,"Fz,C3,C4,Pz,POz",17,spherical_spline,1.8152353999752684,1.4306999442417936,0.9883939214998851,0.9767925825162097,1.2196161659560447,1.202432887741817,5.712411720214092,0.7561011866722884,0.480337034516492,270,270000,CP3
A03T,5,"Fz,C3,C4,Pz,POz",17,spherical_spline,2.0251366611896633,1.6120708623310902,0.9863164662046455,0.9715807244547052,1.2196161659560447,1.202432887741817,5.712411720214092,0.7561011866722884,0.480337034516492,270,270000,CP1
A03T,5,"Fz,C3,C4,Pz,POz",17,spherical_spline,2.2544572713723756,1.7826204392175213,0.9838649371286021,0.9664908561038974,1.2196161659560447,1.202432887741817,5.712411720214092,0.7561011866722884,0.480337034516492,270,270000,CPz
A03T,5,"Fz,C3,C4,Pz,POz",17,spherical_spline,1.925295128824555,1.5182354354884342,0.9879260396158955,0.9750362434174893,1.2196161659560447,1.202432887741817,5.712411720214092,0.7561011866722884,0.480337034516492,270,270000,CP2
A03T,5,"Fz,C3,C4,Pz,POz",17,spherical_spline,2.0525194380766325,1.6218110687459115,0.9855287194885856,0.971165042131126,1.2196161659560447,1.202432887741817,5.712411720214092,0.7561011866722884,0.480337034516492,270,270000,CP4
A03T,5,"Fz,C3,C4,Pz,POz",17,spherical_spline,2.1278162061141526,1.6634417512000736,0.985543340932745,0.9704672371476981,1.2196161659560447,1.202432887741817,5.712411720214092,0.7561011866722884,0.480337034516492,270,270000,P1
A03T,5,"Fz,C3,C4,Pz,POz",17,spherical_spline,1.862111824418791,1.453733145999313,0.9889165897452095,0.9778015874350633,1.2196161659560447,1.202432887741817,5.712411720214092,0.7561011866722884,0.480337034516492,270,270000,P2
A03T,10,"Fz,FC3,FC4,C3,Cz,C4,CP3,CP4,Pz,POz",12,spherical_spline,2.5172361515526793,1.7848095579736716,0.9779115916389178,0.9556277866482348,1.3401210086939397,0.9895510090910865,3.739266335863161,0.4401733378148883,0.5653825445123772,270,270000,
A03T,10,"Fz,FC3,FC4,C3,Cz,C4,CP3,CP4,Pz,POz",12,spherical_spline,1.9082086111963317,1.535365738693155,0.9868401800941348,0.9736508724514856,1.3401210086939397,0.9895510090910865,3.739266335863161,0.4401733378148883,0.5653825445123772,270,270000,FC1
A03T,10,"Fz,FC3,FC4,C3,Cz,C4,CP3,CP4,Pz,POz",12,spherical_spline,1.754911231372294,1.3967069392368419,0.9894670573032815,0.9786455107921832,1.3401210086939397,0.9895510090910865,3.739266335863161,0.4401733378148883,0.5653825445123772,270,270000,FCz
A03T,10,"Fz,FC3,FC4,C3,Cz,C4,CP3,CP4,Pz,POz",12,spherical_spline,1.9156402068153735,1.5545734231588648,0.9867820432525883,0.9734081347683504,1.3401210086939397,0.9895510090910865,3.739266335863161,0.4401733378148883,0.5653825445123772,270,270000,FC2
A03T,10,"Fz,FC3,FC4,C3,Cz,C4,CP3,CP4,Pz,POz",12,spherical_spline,4.817061098503177,3.5765345613561004,0.9078833714268308,0.8001185117261234,1.3401210086939397,0.9895510090910865,3.739266335863161,0.4401733378148883,0.5653825445123772,270,270000,C5
A03T,10,"Fz,FC3,FC4,C3,Cz,C4,CP3,CP4,Pz,POz",12,spherical_spline,2.2282370213022964,1.7929620171597547,0.9827000996771487,0.9654342962170421,1.3401210086939397,0.9895510090910865,3.739266335863161,0.4401733378148883,0.5653825445123772,270,270000,C1
A03T,10,"Fz,FC3,FC4,C3,Cz,C4,CP3,CP4,Pz,POz",12,spherical_spline,2.1013190910771695,1.710445069800567,0.9847293737318913,0.9687022586138653,1.3401210086939397,0.9895510090910865,3.739266335863161,0.4401733378148883,0.5653825445123772,270,270000,C2
A03T,10,"Fz,FC3,FC4,C3,Cz,C4,CP3,CP4,Pz,POz",12,spherical_spline,4.371211310693403,3.329353793277872,0.9299686023254063,0.8615350045987122,1.3401210086939397,0.9895510090910865,3.739266335863161,0.4401733378148883,0.5653825445123772,270,270000,C6
A03T,10,"Fz,FC3,FC4,C3,Cz,C4,CP3,CP4,Pz,POz",12,spherical_spline,1.743575663279146,1.4236698280231113,0.9896805038431075,0.9789338133245273,1.3401210086939397,0.9895510090910865,3.739266335863161,0.4401733378148883,0.5653825445123772,270,270000,CP1
A03T,10,"Fz,FC3,FC4,C3,Cz,C4,CP3,CP4,Pz,POz",12,spherical_spline,1.5393807540891296,1.208194494025984,0.9923463741947215,0.9843767486282722,1.3401210086939397,0.9895510090910865,3.739266335863161,0.4401733378148883,0.5653825445123772,270,270000,CPz
A03T,10,"Fz,FC3,FC4,C3,Cz,C4,CP3,CP4,Pz,POz",12,spherical_spline,1.3613447590004044,1.0663324500548583,0.9938004898421307,0.9875189373675237,1.3401210086939397,0.9895510090910865,3.739266335863161,0.4401733378148883,0.5653825445123772,270,270000,CP2
A03T,10,"Fz,FC3,FC4,C3,Cz,C4,CP3,CP4,Pz,POz",12,spherical_spline,2.0561522519206155,1.6036044161025143,0.9866156087213115,0.9724230397641406,1.3401210086939397,0.9895510090910865,3.739266335863161,0.4401733378148883,0.5653825445123772,270,270000,P1
A03T,10,"Fz,FC3,FC4,C3,Cz,C4,CP3,CP4,Pz,POz",12,spherical_spline,1.5697656658709733,1.2199719647943956,0.9921498589355738,0.9842246118170244,1.3401210086939397,0.9895510090910865,3.739266335863161,0.4401733378148883,0.5653825445123772,270,270000,P2
A03T,15,"Fz,FC3,FC1,FC2,FC4,C3,C1,Cz,C2,C4,CP3,CP1,CP2,CP4,Pz",7,spherical_spline,3.4109990879848304,2.4086035010432316,0.9610265212911169,0.9199928148095454,1.8262191227043048,1.0099116372440766,5.2645453007041105,1.1122229969075763,0.39904086395458777,270,270000,
A03T,15,"Fz,FC3,FC1,FC2,FC4,C3,C1,Cz,C2,C4,CP3,CP1,CP2,CP4,Pz",7,spherical_spline,1.9462520215495485,1.6101389891534779,0.9868829623142111,0.9737350224362633,1.8262191227043048,1.0099116372440766,5.2645453007041105,1.1122229969075763,0.39904086395458777,270,270000,FCz
A03T,15,"Fz,FC3,FC1,FC2,FC4,C3,C1,Cz,C2,C4,CP3,CP1,CP2,CP4,Pz",7,spherical_spline,5.9646822234847106,4.7492756497707065,0.8686616922975309,0.6935335859191101,1.8262191227043048,1.0099116372440766,5.2645453007041105,1.1122229969075763,0.39904086395458777,270,270000,C5
A03T,15,"Fz,FC3,FC1,FC2,FC4,C3,C1,Cz,C2,C4,CP3,CP1,CP2,CP4,Pz",7,spherical_spline,4.782479427986619,3.7840890000335974,0.9199565075122651,0.8342541688184356,1.8262191227043048,1.0099116372440766,5.2645453007041105,1.1122229969075763,0.39904086395458777,270,270000,C6
A03T,15,"Fz,FC3,FC1,FC2,FC4,C3,C1,Cz,C2,C4,CP3,CP1,CP2,CP4,Pz",7,spherical_spline,1.7756222479152655,1.4084692776803989,0.9897720145915966,0.9792135429994484,1.8262191227043048,1.0099116372440766,5.2645453007041105,1.1122229969075763,0.39904086395458777,270,270000,CPz
A03T,15,"Fz,FC3,FC1,FC2,FC4,C3,C1,Cz,C2,C4,CP3,CP1,CP2,CP4,Pz",7,spherical_spline,2.196684411638134,1.7129558010736434,0.9850799825285971,0.9685246049445011,1.8262191227043048,1.0099116372440766,5.2645453007041105,1.1122229969075763,0.39904086395458777,270,270000,P1
A03T,15,"Fz,FC3,FC1,FC2,FC4,C3,C1,Cz,C2,C4,CP3,CP1,CP2,CP4,Pz",7,spherical_spline,1.6447437292391947,1.2818608917760712,0.9913887517229991,0.9826816352839212,1.8262191227043048,1.0099116372440766,5.2645453007041105,1.1122229969075763,0.39904086395458777,270,270000,P2
A03T,15,"Fz,FC3,FC1,FC2,FC4,C3,C1,Cz,C2,C4,CP3,CP1,CP2,CP4,Pz",7,spherical_spline,2.9195075446862426,2.3134348978145667,0.9748867890490079,0.9461608726132141,1.8262191227043048,1.0099116372440766,5.2645453007041105,1.1122229969075763,0.39904086395458777,270,270000,POz
A04T,5,"Fz,C3,C4,Pz,POz",17,spherical_spline,2.6564013541478393,2.013824354360323,0.9527196402830663,0.9028957155025618,1.5265645656288156,0.6488529866657062,1.0189333131841425,1.9359422630284862,0.23734252092835106,262,262000,
A04T,5,"Fz,C3,C4,Pz,POz",17,spherical_spline,2.038809726810118,1.6098188761001921,0.9665948811345683,0.9338592232928775,1.5265645656288156,0.6488529866657062,1.0189333131841425,1.9359422630284862,0.23734252092835106,262,262000,FC3
A04T,5,"Fz,C3,C4,Pz,POz",17,spherical_spline,2.1622523294515044,1.7212249278512544,0.9673407284404163,0.934936960769232,1.5265645656288156,0.6488529866657062,1.0189333131841425,1.9359422630284862,0.23734252092835106,262,262000,FC1
A04T,5,"Fz,C3,C4,Pz,POz",17,spherical_spline,3.036669821173454,2.4167580288940425,0.9424671110684761,0.8857046832776532,1.5265645656288156,0.6488529866657062,1.0189333131841425,1.9359422630284862,0.23734252092835106,262,262000,FCz
A04T,5,"Fz,C3,C4,Pz,POz",17,spherical_spline,2.2645720111316914,1.8016813062709705,0.966335885262794,0.9321994255506021,1.5265645656288156,0.6488529866657062,1.0189333131841425,1.9359422630284862,0.23734252092835106,262,262000,FC2
A04T,5,"Fz,C3,C4,Pz,POz",17,spherical_spline,1.854929885365564,1.467670502516801,0.9753691278428905,0.9498268474634517,1.5265645656288156,0.6488529866657062,1.0189333131841425,1.9359422630284862,0.23734252092835106,262,262000,FC4
A04T,5,"Fz,C3,C4,Pz,POz",17,spherical_spline,4.418410680182593,3.5094338796276965,0.820376138723903,0.599176948089734,1.5265645656288156,0.6488529866657062,1.0189333131841425,1.9359422630284862,0.23734252092835106,262,262000,C5
A04T,5,"Fz,C3,C4,Pz,POz",17,spherical_spline,2.7234126714234352,2.1671634646968605,0.9502074800327156,0.8940640323504597,1.5265645656288156,0.6488529866657062,1.0189333131841425,1.9359422630284862,0.23734252092835106,262,262000,C1
A04T,5,"Fz,C3,C4,Pz,POz",17,spherical_spline,3.445129979015949,2.7367734989846513,0.9301024874173965,0.8520839628807615,1.5265645656288156,0.6488529866657062,1.0189333131841425,1.9359422630284862,0.23734252092835106,262,262000,Cz
A04T,5,"Fz,C3,C4,Pz,POz",17,spherical_spline,2.6384673844723765,2.105228089176368,0.957006516568731,0.9077713858213474,1.5265645656288156,0.6488529866657062,1.0189333131841425,1.9359422630284862,0.23734252092835106,262,262000,C2
A04T,5,"Fz,C3,C4,Pz,POz",17,spherical_spline,4.1882800343241495,3.340508093279731,0.8668351729949433,0.690921466488621,1.5265645656288156,0.6488529866657062,1.0189333131841425,1.9359422630284862,0.23734252092835106,262,262000,C6
A04T,5,"Fz,C3,C4,Pz,POz",17,spherical_spline,1.764463548869,1.4038477281734145,0.9760604990685742,0.9526732241712431,1.5265645656288156,0.6488529866657062,1.0189333131841425,1.9359422630284862,0.23734252092835106,262,262000,CP3
A04T,5,"Fz,C3,C4,Pz,POz",17,spherical_spline,2.362173319085655,1.8871243718193311,0.9640885721549363,0.9240238927220462,1.5265645656288156,0.6488529866657062,1.0189333131841425,1.9359422630284862,0.23734252092835106,262,262000,CP1
A04T,5,"Fz,C3,C4,Pz,POz",17,spherical_spline,2.7142816940494563,2.1642835935857385,0.9580399192491039,0.9105666213699263,1.5265645656288156,0.6488529866657062,1.0189333131841425,1.9359422630284862,0.23734252092835106,262,262000,CPz
A04T,5,"Fz,C3,C4,Pz,POz",17,spherical_spline,2.056079044337628,1.6339758510751032,0.9748434273446835,0.9459064112251527,1.5265645656288156,0.6488529866657062,1.0189333131841425,1.9359422630284862,0.23734252092835106,262,262000,CP2
A04T,5,"Fz,C3,C4,Pz,POz",17,spherical_spline,1.7782994979458686,1.409044776955098,0.978458872011812,0.9572837425247759,1.5265645656288156,0.6488529866657062,1.0189333131841425,1.9359422630284862,0.23734252092835106,262,262000,CP4
A04T,5,"Fz,C3,C4,Pz,POz",17,spherical_spline,1.7576972876797718,1.3920598930598467,0.9813352359639633,0.9629065308493873,1.5265645656288156,0.6488529866657062,1.0189333131841425,1.9359422630284862,0.23734252092835106,262,262000,P1
A04T,5,"Fz,C3,C4,Pz,POz",17,spherical_spline,1.8671326195045297,1.4684171420586916,0.9799399392003729,0.9601540430110802,1.5265645656288156,0.6488529866657062,1.0189333131841425,1.9359422630284862,0.23734252092835106,262,262000,P2
A04T,10,"Fz,FC3,FC4,C3,Cz,C4,CP3,CP4,Pz,POz",12,spherical_spline,1.9809937387453482,1.5253234200581076,0.973556676751205,0.9467217177794254,0.9888724007980821,0.5842402112574727,0.6344966839572285,0.9643792733062001,0.04832700841424399,262,262000,
A04T,10,"Fz,FC3,FC4,C3,Cz,C4,CP3,CP4,Pz,POz",12,spherical_spline,1.8064312552017223,1.45734170627271,0.9771305875749287,0.9545886433311858,0.9888724007980821,0.5842402112574727,0.6344966839572285,0.9643792733062001,0.04832700841424399,262,262000,FC1
A04T,10,"Fz,FC3,FC4,C3,Cz,C4,CP3,CP4,Pz,POz",12,spherical_spline,1.6967138176721046,1.3545323867044703,0.9820156719933728,0.9643178937601683,0.9888724007980821,0.5842402112574727,0.6344966839572285,0.9643792733062001,0.04832700841424399,262,262000,FCz
A04T,10,"Fz,FC3,FC4,C3,Cz,C4,CP3,CP4,Pz,POz",12,spherical_spline,2.15172475209026,1.7327433450145284,0.969323591535776,0.9387882868710489,0.9888724007980821,0.5842402112574727,0.6344966839572285,0.9643792733062001,0.04832700841424399,262,262000,FC2
A04T,10,"Fz,FC3,FC4,C3,Cz,C4,CP3,CP4,Pz,POz",12,spherical_spline,3.2907741081506736,2.594917435350112,0.8959379504499199,0.7776604748942781,0.9888724007980821,0.5842402112574727,0.6344966839572285,0.9643792733062001,0.04832700841424399,262,262000,C5
A04T,10,"Fz,FC3,FC4,C3,Cz,C4,CP3,CP4,Pz,POz",12,spherical_spline,1.8224340057994548,1.5094302034395077,0.9766581906804078,0.9525626793355237,0.9888724007980821,0.5842402112574727,0.6344966839572285,0.9643792733062001,0.04832700841424399,262,262000,C1
A04T,10,"Fz,FC3,FC4,C3,Cz,C4,CP3,CP4,Pz,POz",12,spherical_spline,1.7453919530166897,1.4727346048601164,0.9803138929907886,0.959640278409309,0.9888724007980821,0.5842402112574727,0.6344966839572285,0.9643792733062001,0.04832700841424399,262,262000,C2
A04T,10,"Fz,FC3,FC4,C3,Cz,C4,CP3,CP4,Pz,POz",12,spherical_spline,2.7734179578885905,2.2146526934910717,0.9375767021912522,0.8644723005013221,0.9888724007980821,0.5842402112574727,0.6344966839572285,0.9643792733062001,0.04832700841424399,262,262000,C6
A04T,10,"Fz,FC3,FC4,C3,Cz,C4,CP3,CP4,Pz,POz",12,spherical_spline,1.795424468515771,1.4651132973775816,0.9784410255820496,0.9561077546947028,0.9888724007980821,0.5842402112574727,0.6344966839572285,0.9643792733062001,0.04832700841424399,262,262000,CP1
A04T,10,"Fz,FC3,FC4,C3,Cz,C4,CP3,CP4,Pz,POz",12,spherical_spline,1.388515469990157,1.106994172052301,0.9883004212344273,0.9765959375624181,0.9888724007980821,0.5842402112574727,0.6344966839572285,0.9643792733062001,0.04832700841424399,262,262000,CPz
A04T,10,"Fz,FC3,FC4,C3,Cz,C4,CP3,CP4,Pz,POz",12,spherical_spline,1.1695683388476963,0.9249260049022899,0.991480563460356,0.9824968027198342,0.9888724007980821,0.5842402112574727,0.6344966839572285,0.9643792733062001,0.04832700841424399,262,262000,CP2
A04T,10,"Fz,FC3,FC4,C3,Cz,C4,CP3,CP4,Pz,POz",12,spherical_spline,1.5895997656587277,1.2623478325722417,0.9847355697879894,0.9696621452675855,0.9888724007980821,0.5842402112574727,0.6344966839572285,0.9643792733062001,0.04832700841424399,262,262000,P1
A04T,10,"Fz,FC3,FC4,C3,Cz,C4,CP3,CP4,Pz,POz",12,spherical_spline,1.5443902764018977,1.2081473586604967,0.9862761297396161,0.9727386068214351,0.9888724007980821,0.5842402112574727,0.6344966839572285,0.9643792733062001,0.04832700841424399,262,262000,P2
A04T,15,"Fz,FC3,FC1,FC2,FC4,C3,C1,Cz,C2,C4,CP3,CP1,CP2,CP4,Pz",7,spherical_spline,2.8943135432153397,2.1594973712272645,0.9472265178155322,0.8894871444390378,2.4321499774070943,1.1148337657386262,1.0280536675377305,1.8282100278335027,0.5508550508962688,262,262000,
A04T,15,"Fz,FC3,FC1,FC2,FC4,C3,C1,Cz,C2,C4,CP3,CP1,CP2,CP4,Pz",7,spherical_spline,2.035987211601395,1.6740997270434346,0.9739767960071678,0.948621268198771,2.4321499774070943,1.1148337657386262,1.0280536675377305,1.8282100278335027,0.5508550508962688,262,262000,FCz
A04T,15,"Fz,FC3,FC1,FC2,FC4,C3,C1,Cz,C2,C4,CP3,CP1,CP2,CP4,Pz",7,spherical_spline,4.936229333291607,4.168802054861405,0.8016024607807137,0.49972225058370856,2.4321499774070943,1.1148337657386262,1.0280536675377305,1.8282100278335027,0.5508550508962688,262,262000,C5
A04T,15,"Fz,FC3,FC1,FC2,FC4,C3,C1,Cz,C2,C4,CP3,CP1,CP2,CP4,Pz",7,spherical_spline,3.648265660059629,3.051036828532102,0.9017398585060165,0.7654851596089203,2.4321499774070943,1.1148337657386262,1.0280536675377305,1.8282100278335027,0.5508550508962688,262,262000,C6
A04T,15,"Fz,FC3,FC1,FC2,FC4,C3,C1,Cz,C2,C4,CP3,CP1,CP2,CP4,Pz",7,spherical_spline,1.4052684098119141,1.14067205129752,0.9879869056972246,0.9760277736596937,2.4321499774070943,1.1148337657386262,1.0280536675377305,1.8282100278335027,0.5508550508962688,262,262000,CPz
A04T,15,"Fz,FC3,FC1,FC2,FC4,C3,C1,Cz,C2,C4,CP3,CP1,CP2,CP4,Pz",7,spherical_spline,1.6930245950613254,1.3453121360596245,0.9828156398969565,0.9655859471073598,2.4321499774070943,1.1148337657386262,1.0280536675377305,1.8282100278335027,0.5508550508962688,262,262000,P1
A04T,15,"Fz,FC3,FC1,FC2,FC4,C3,C1,Cz,C2,C4,CP3,CP1,CP2,CP4,Pz",7,spherical_spline,1.702867771019097,1.3387953863044522,0.9833918125923258,0.9668566974613206,2.4321499774070943,1.1148337657386262,1.0280536675377305,1.8282100278335027,0.5508550508962688,262,262000,P2
A04T,15,"Fz,FC3,FC1,FC2,FC4,C3,C1,Cz,C2,C4,CP3,CP1,CP2,CP4,Pz",7,spherical_spline,3.0128125884928605,2.3977634144922857,0.9552474312067805,0.9005912398134486,2.4321499774070943,1.1148337657386262,1.0280536675377305,1.8282100278335027,0.5508550508962688,262,262000,POz
A05T,5,"Fz,C3,C4,Pz,POz",17,spherical_spline,2.1410334494961476,1.6135035028577809,0.9701907830128855,0.9388587997647831,2.6168363652657507,0.4865836647290794,0.3398868859687857,0.399129832705202,0.05926694211038621,262,262000,
A05T,5,"Fz,C3,C4,Pz,POz",17,spherical_spline,2.2987446776006224,1.708351317701768,0.9669434314535297,0.9349597413515396,2.6168363652657507,0.4865836647290794,0.3398868859687857,0.399129832705202,0.05926694211038621,262,262000,FC3
A05T,5,"Fz,C3,C4,Pz,POz",17,spherical_spline,1.9022201590683525,1.4899180997054848,0.9796746606144732,0.9573854682023366,2.6168363652657507,0.4865836647290794,0.3398868859687857,0.399129832705202,0.05926694211038621,262,262000,FC1
A05T,5,"Fz,C3,C4,Pz,POz",17,spherical_spline,2.4156750318279676,1.9162900473020665,0.9697443268014173,0.9359172812498215,2.6168363652657507,0.4865836647290794,0.3398868859687857,0.399129832705202,0.05926694211038621,262,262000,FCz
A05T,5,"Fz,C3,C4,Pz,POz",17,spherical_spline,1.8065975050482441,1.4079284144270958,0.9824792586651727,0.9631067441766881,2.6168363652657507,0.4865836647290794,0.3398868859687857,0.399129832705202,0.05926694211038621,262,262000,FC2
A05T,5,"Fz,C3,C4,Pz,POz",17,spherical_spline,1.6571899538464219,1.2963308678548133,0.9833932472893524,0.9670573295973077,2.6168363652657507,0.4865836647290794,0.3398868859687857,0.399129832705202,0.05926694211038621,262,262000,FC4
A05T,5,"Fz,C3,C4,Pz,POz",17,spherical_spline,3.606331284166172,2.872749251332442,0.8828166382629854,0.7514309453988748,2.6168363652657507,0.4865836647290794,0.3398868859687857,0.399129832705202,0.05926694211038621,262,262000,C5
A05T,5,"Fz,C3,C4,Pz,POz",17,spherical_spline,2.0671308564411968,1.635908479491494,0.9737160407951413,0.9450237864180172,2.6168363652657507,0.4865836647290794,0.3398868859687857,0.399129832705202,0.05926694211038621,262,262000,C1
A05T,5,"Fz,C3,C4,Pz,POz",17,spherical_spline,2.492696024177357,1.9741572000421486,0.965001315071306,0.9251143897923649,2.6168363652657507,0.4865836647290794,0.3398868859687857,0.399129832705202,0.05926694211038621,262,262000,Cz
A05T,5,"Fz,C3,C4,Pz,POz",17,spherical_spline,2.0563899539515473,1.644782567542043,0.9753489218483563,0.9464489494971551,2.6168363652657507,0.4865836647290794,0.3398868859687857,0.399129832705202,0.05926694211038621,262,262000,C2
A05T,5,"Fz,C3,C4,Pz,POz",17,spherical_spline,3.2954713668826607,2.6522228951366227,0.9138409931280466,0.82600953502788,2.6168363652657507,0.4865836647290794,0.3398868859687857,0.399129832705202,0.05926694211038621,262,262000,C6
A05T,5,"Fz,C3,C4,Pz,POz",17,spherical_spline,1.5023681462785425,1.1634676275553066,0.9824006759247128,0.9650880008701073,2.6168363652657507,0.4865836647290794,0.3398868859687857,0.399129832705202,0.05926694211038621,262,262000,CP3
A05T,5,"Fz,C3,C4,Pz,POz",17,spherical_spline,1.6648266429439098,1.329863981000016,0.9813404083484439,0.9608796342616894,2.6168363652657507,0.4865836647290794,0.3398868859687857,0.399129832705202,0.05926694211038621,262,262000,CP1
A05T,5,"Fz,C3,C4,Pz,POz",17,spherical_spline,1.7610525663946957,1.3928460619292735,0.980911817614069,0.9592014540549086,2.6168363652657507,0.4865836647290794,0.3398868859687857,0.399129832705202,0.05926694211038621,262,262000,CPz
A05T,5,"Fz,C3,C4,Pz,POz",17,spherical_spline,1.2599127622735349,0.9938490526820621,0.9899414732205957,0.9787179284300709,2.6168363652657507,0.4865836647290794,0.3398868859687857,0.399129832705202,0.05926694211038621,262,262000,CP2
A05T,5,"Fz,C3,C4,Pz,POz",17,spherical_spline,1.7195287640076922,1.3377759901817798,0.978877341207003,0.958084795300902,2.6168363652657507,0.4865836647290794,0.3398868859687857,0.399129832705202,0.05926694211038621,262,262000,CP4
A05T,5,"Fz,C3,C4,Pz,POz",17,spherical_spline,1.125572805053163,0.9048679609982384,0.990833526961004,0.9804396296303113,2.6168363652657507,0.4865836647290794,0.3398868859687857,0.399129832705202,0.05926694211038621,262,262000,P1
A05T,5,"Fz,C3,C4,Pz,POz",17,spherical_spline,2.158237011825859,1.7082497336997073,0.9671549246221568,0.9331446394267401,2.6168363652657507,0.4865836647290794,0.3398868859687857,0.399129832705202,0.05926694211038621,262,262000,P2
A05T,10,"Fz,FC3,FC4,C3,Cz,C4,CP3,CP4,Pz,POz",12,spherical_spline,1.8418493123892896,1.3961890215831578,0.9775425489469093,0.9543512051585397,1.7302993100412072,0.8272471731921494,0.26245628915805125,0.20052814650218415,0.10147936313690169,262,262000,
A05T,10,"Fz,FC3,FC4,C3,Cz,C4,CP3,CP4,Pz,POz",12,spherical_spline,1.5700958545258745,1.2849001470688632,0.9855151574313448,0.9709672285419803,1.7302993100412072,0.8272471731921494,0.26245628915805125,0.20052814650218415,0.10147936313690169,262,262000,FC1
A05T,10,"Fz,FC3,FC4,C3,Cz,C4,CP3,CP4,Pz,POz",12,spherical_spline,1.1612847590708646,0.9219876575752726,0.992571729465908,0.9851904671196949,1.7302993100412072,0.8272471731921494,0.26245628915805125,0.20052814650218415,0.10147936313690169,262,262000,FCz
A05T,10,"Fz,FC3,FC4,C3,Cz,C4,CP3,CP4,Pz,POz",12,spherical_spline,1.7540429516718898,1.4402669388505833,0.9825527684705687,0.9652219987506642,1.7302993100412072,0.8272471731921494,0.26245628915805125,0.20052814650218415,0.10147936313690169,262,262000,FC2
A05T,10,"Fz,FC3,FC4,C3,Cz,C4,CP3,CP4,Pz,POz",12,spherical_spline,3.1755680329463494,2.549839946196937,0.9152480530968845,0.8072658535605833,1.7302993100412072,0.8272471731921494,0.26245628915805125,0.20052814650218415,0.10147936313690169,262,262000,C5
A05T,10,"Fz,FC3,FC4,C3,Cz,C4,CP3,CP4,Pz,POz",12,spherical_spline,1.92036469185207,1.5747384851956843,0.976210868897396,0.9525532674170106,1.7302993100412072,0.8272471731921494,0.26245628915805125,0.20052814650218415,0.10147936313690169,262,262000,C1
A05T,10,"Fz,FC3,FC4,C3,Cz,C4,CP3,CP4,Pz,POz",12,spherical_spline,1.7554120043585204,1.4846646759766575,0.9808596626607167,0.9609774922502159,1.7302993100412072,0.8272471731921494,0.26245628915805125,0.20052814650218415,0.10147936313690169,262,262000,C2
A05T,10,"Fz,FC3,FC4,C3,Cz,C4,CP3,CP4,Pz,POz",12,spherical_spline,2.595686482023175,2.0679644220849505,0.9485712952067669,0.8920569129268798,1.7302993100412072,0.8272471731921494,0.26245628915805125,0.20052814650218415,0.10147936313690169,262,262000,C6
A05T,10,"Fz,FC3,FC4,C3,Cz,C4,CP3,CP4,Pz,POz",12,spherical_spline,1.6137156493768223,1.3343285709056394,0.9818610340742068,0.9632447913192798,1.7302993100412072,0.8272471731921494,0.26245628915805125,0.20052814650218415,0.10147936313690169,262,262000,CP1
A05T,10,"Fz,FC3,FC4,C3,Cz,C4,CP3,CP4,Pz,POz",12,spherical_spline,1.1312651736746646,0.8672257965698655,0.9917497632222301,0.9831643890623241,1.7302993100412072,0.8272471731921494,0.26245628915805125,0.20052814650218415,0.10147936313690169,262,262000,CPz
A05T,10,"Fz,FC3,FC4,C3,Cz,C4,CP3,CP4,Pz,POz",12,spherical_spline,0.9489462649718698,0.7417287102696766,0.9940613369142468,0.9879269724794041,1.7302993100412072,0.8272471731921494,0.26245628915805125,0.20052814650218415,0.10147936313690169,262,262000,CP2
A05T,10,"Fz,FC3,FC4,C3,Cz,C4,CP3,CP4,Pz,POz",12,spherical_spline,1.0400505103215028,0.8385593859353225,0.9922064818092101,0.9832991431512764,1.7302993100412072,0.8272471731921494,0.26245628915805125,0.20052814650218415,0.10147936313690169,262,262000,P1
A05T,10,"Fz,FC3,FC4,C3,Cz,C4,CP3,CP4,Pz,POz",12,spherical_spline,2.0883776111144163,1.6480635223683822,0.9690868980547103,0.9374026395531813,1.7302993100412072,0.8272471731921494,0.26245628915805125,0.20052814650218415,0.10147936313690169,262,262000,P2
A05T,15,"Fz,FC3,FC1,FC2,FC4,C3,C1,Cz,C2,C4,CP3,CP1,CP2,CP4,Pz",7,spherical_spline,2.807791771590369,2.056540259598077,0.9468716142733041,0.8860720534267211,3.0473413394001,1.334173921228708,0.6709822200470366,0.8351084494338429,0.4982047664787454,262,262000,
A05T,15,"Fz,FC3,FC1,FC2,FC4,C3,C1,Cz,C2,C4,CP3,CP1,CP2,CP4,Pz",7,spherical_spline,1.8346250149236853,1.5508964607302314,0.9814147362866656,0.9630377390127209,3.0473413394001,1.334173921228708,0.6709822200470366,0.8351084494338429,0.4982047664787454,262,262000,FCz
A05T,15,"Fz,FC3,FC1,FC2,FC4,C3,C1,Cz,C2,C4,CP3,CP1,CP2,CP4,Pz",7,spherical_spline,4.968764777959,4.211939680586215,0.8249075540544851,0.5281405064095873,3.0473413394001,1.334173921228708,0.6709822200470366,0.8351084494338429,0.4982047664787454,262,262000,C5
A05T,15,"Fz,FC3,FC1,FC2,FC4,C3,C1,Cz,C2,C4,CP3,CP1,CP2,CP4,Pz",7,spherical_spline,3.7947061549136354,3.154074345970813,0.9011589182258729,0.7693004927040422,3.0473413394001,1.334173921228708,0.6709822200470366,0.8351084494338429,0.4982047664787454,262,262000,C6
A05T,15,"Fz,FC3,FC1,FC2,FC4,C3,C1,Cz,C2,C4,CP3,CP1,CP2,CP4,Pz",7,spherical_spline,1.4307384630071867,1.1476513789456233,0.9865249081610992,0.9730709798585467,3.0473413394001,1.334173921228708,0.6709822200470366,0.8351084494338429,0.4982047664787454,262,262000,CPz
A05T,15,"Fz,FC3,FC1,FC2,FC4,C3,C1,Cz,C2,C4,CP3,CP1,CP2,CP4,Pz",7,spherical_spline,1.111725226698748,0.8977146286457339,0.9913220679023996,0.9809179595669869,3.0473413394001,1.334173921228708,0.6709822200470366,0.8351084494338429,0.4982047664787454,262,262000,P1
A05T,15,"Fz,FC3,FC1,FC2,FC4,C3,C1,Cz,C2,C4,CP3,CP1,CP2,CP4,Pz",7,spherical_spline,2.1671822111521646,1.711202566933758,0.9670843228584964,0.9325893029612762,3.0473413394001,1.334173921228708,0.6709822200470366,0.8351084494338429,0.4982047664787454,262,262000,P2
A05T,15,"Fz,FC3,FC1,FC2,FC4,C3,C1,Cz,C2,C4,CP3,CP1,CP2,CP4,Pz",7,spherical_spline,2.1799016024868565,1.7223027553742078,0.9669887325992682,0.9302385194237228,3.0473413394001,1.334173921228708,0.6709822200470366,0.8351084494338429,0.4982047664787454,262,262000,POz
A06T,5,"Fz,C3,C4,Pz,POz",17,spherical_spline,4.0932895696686895,3.0024880561318446,0.9481698696266987,0.8920503753325746,3.656015399764189,3.259442614000255,11.174144211030766,3.4663924530013617,0.2964112434206232,219,219000,
A06T,5,"Fz,C3,C4,Pz,POz",17,spherical_spline,3.4697335657778496,2.7467025343111735,0.9597191161866759,0.9173475080624361,3.656015399764189,3.259442614000255,11.174144211030766,3.4663924530013617,0.2964112434206232,219,219000,FC3
A06T,5,"Fz,C3,C4,Pz,POz",17,spherical_spline,3.487947616293006,2.730678238682914,0.9629673230930718,0.926210733387107,3.656015399764189,3.259442614000255,11.174144211030766,3.4663924530013617,0.2964112434206232,219,219000,FC1
A06T,5,"Fz,C3,C4,Pz,POz",17,spherical_spline,5.204773881380335,4.070677108976547,0.9274314865212762,0.8591545762046295,3.656015399764189,3.259442614000255,11.174144211030766,3.4663924530013617,0.2964112434206232,219,219000,FCz
A06T,5,"Fz,C3,C4,Pz,POz",17,spherical_spline,3.53293403273212,2.77176329170729,0.9643426321615624,0.9278917067821074,3.656015399764189,3.259442614000255,11.174144211030766,3.4663924530013617,0.2964112434206232,219,219000,FC2
A06T,5,"Fz,C3,C4,Pz,POz",17,spherical_spline,3.787628098273453,2.9812973983994935,0.9593773803982519,0.9106468945199422,3.656015399764189,3.259442614000255,11.174144211030766,3.4663924530013617,0.2964112434206232,219,219000,FC4
A06T,5,"Fz,C3,C4,Pz,POz",17,spherical_spline,6.632810776650226,5.229289314133994,0.838928578300072,0.5963193515925527,3.656015399764189,3.259442614000255,11.174144211030766,3.4663924530013617,0.2964112434206232,219,219000,C5
A06T,5,"Fz,C3,C4,Pz,POz",17,spherical_spline,3.5543677005754715,2.7709982690539454,0.9620254877119266,0.9180365341737398,3.656015399764189,3.259442614000255,11.174144211030766,3.4663924530013617,0.2964112434206232,219,219000,C1
A06T,5,"Fz,C3,C4,Pz,POz",17,spherical_spline,5.242246028896855,4.053515103695945,0.9232647933258606,0.8370956629019148,3.656015399764189,3.259442614000255,11.174144211030766,3.4663924530013617,0.2964112434206232,219,219000,Cz
A06T,5,"Fz,C3,C4,Pz,POz",17,spherical_spline,3.8974522539544023,3.0244654104855675,0.956819962807432,0.9069630984166949,3.656015399764189,3.259442614000255,11.174144211030766,3.4663924530013617,0.2964112434206232,219,219000,C2
A06T,5,"Fz,C3,C4,Pz,POz",17,spherical_spline,7.340161006943622,5.774007080419009,0.841888538276047,0.5670536137975855,3.656015399764189,3.259442614000255,11.174144211030766,3.4663924530013617,0.2964112434206232,219,219000,C6
A06T,5,"Fz,C3,C4,Pz,POz",17,spherical_spline,2.8519200349623546,2.2092379209129356,0.9717992904388828,0.9443581972448989,3.656015399764189,3.259442614000255,11.174144211030766,3.4663924530013617,0.2964112434206232,219,219000,CP3
A06T,5,"Fz,C3,C4,Pz,POz",17,spherical_spline,2.71228551715477,2.1383774994805567,0.9769978043318032,0.9521395458504568,3.656015399764189,3.259442614000255,11.174144211030766,3.4663924530013617,0.2964112434206232,219,219000,CP1
A06T,5,"Fz,C3,C4,Pz,POz",17,spherical_spline,3.0504547152673354,2.3836897830480877,0.9735189416720298,0.9416423960585883,3.656015399764189,3.259442614000255,11.174144211030766,3.4663924530013617,0.2964112434206232,219,219000,CPz
A06T,5,"Fz,C3,C4,Pz,POz",17,spherical_spline,2.4498686215757384,1.8995084244219285,0.9821803608792626,0.9616233106751328,3.656015399764189,3.259442614000255,11.174144211030766,3.4663924530013617,0.2964112434206232,219,219000,CP2
A06T,5,"Fz,C3,C4,Pz,POz",17,spherical_spline,3.1409010586326014,2.4364715589151253,0.9692760158563033,0.9394933977184406,3.656015399764189,3.259442614000255,11.174144211030766,3.4663924530013617,0.2964112434206232,219,219000,CP4
A06T,5,"Fz,C3,C4,Pz,POz",17,spherical_spline,2.206010772684085,1.7033315698601852,0.9834401960857483,0.9669222023350358,3.656015399764189,3.259442614000255,11.174144211030766,3.4663924530013617,0.2964112434206232,219,219000,P1
A06T,5,"Fz,C3,C4,Pz,POz",17,spherical_spline,2.8297204437753036,2.118286447736749,0.9741288918520111,0.9488734389747419,3.656015399764189,3.259442614000255,11.174144211030766,3.4663924530013617,0.2964112434206232,219,219000,P2
A06T,10,"Fz,FC3,FC4,C3,Cz,C4,CP3,CP4,Pz,POz",12,spherical_spline,2.887990629008632,2.1013144573374314,0.9733891092498634,0.9460295327620947,3.894438474184324,3.8198323221192316,5.818110369790974,1.6850220568529117,0.2811726821135963,219,219000,
A06T,10,"Fz,FC3,FC4,C3,Cz,C4,CP3,CP4,Pz,POz",12,spherical_spline,2.350332334477641,1.8453722333851157,0.983130680514692,0.9664948291380139,3.894438474184324,3.8198323221192316,5.818110369790974,1.6850220568529117,0.2811726821135963,219,219000,FC1
A06T,10,"Fz,FC3,FC4,C3,Cz,C4,CP3,CP4,Pz,POz",12,spherical_spline,2.614347698736998,2.058081306295745,0.9829067383621469,0.9644642323884223,3.894438474184324,3.8198323221192316,5.818110369790974,1.6850220568529117,0.2811726821135963,219,219000,FCz
A06T,10,"Fz,FC3,FC4,C3,Cz,C4,CP3,CP4,Pz,POz",12,spherical_spline,2.580221944613301,2.055931968985698,0.9806411182489478,0.9615383166082806,3.894438474184324,3.8198323221192316,5.818110369790974,1.6850220568529117,0.2811726821135963,219,219000,FC2
A06T,10,"Fz,FC3,FC4,C3,Cz,C4,CP3,CP4,Pz,POz",12,spherical_spline,5.203998715305295,4.129942730795379,0.8992115759224153,0.7515053307590518,3.894438474184324,3.8198323221192316,5.818110369790974,1.6850220568529117,0.2811726821135963,219,219000,C5
A06T,10,"Fz,FC3,FC4,C3,Cz,C4,CP3,CP4,Pz,POz",12,spherical_spline,2.2302550801144028,1.812588026876284,0.9840059356694998,0.9677295752718952,3.894438474184324,3.8198323221192316,5.818110369790974,1.6850220568529117,0.2811726821135963,219,219000,C1
A06T,10,"Fz,FC3,FC4,C3,Cz,C4,CP3,CP4,Pz,POz",12,spherical_spline,2.409455805246225,1.9372763667821646,0.9825547592272047,0.9644424719656945,3.894438474184324,3.8198323221192316,5.818110369790974,1.6850220568529117,0.2811726821135963,219,219000,C2
A06T,10,"Fz,FC3,FC4,C3,Cz,C4,CP3,CP4,Pz,POz",12,spherical_spline,4.935308262217636,3.896902520392952,0.9225849471273377,0.8042726506776618,3.894438474184324,3.8198323221192316,5.818110369790974,1.6850220568529117,0.2811726821135963,219,219000,C6
A06T,10,"Fz,FC3,FC4,C3,Cz,C4,CP3,CP4,Pz,POz",12,spherical_spline,2.2715874387758133,1.825273777181721,0.9831765037009833,0.9664289501902489,3.894438474184324,3.8198323221192316,5.818110369790974,1.6850220568529117,0.2811726821135963,219,219000,CP1
A06T,10,"Fz,FC3,FC4,C3,Cz,C4,CP3,CP4,Pz,POz",12,spherical_spline,1.782745793297459,1.4234825494796484,0.9900507133229458,0.9800681721037551,3.894438474184324,3.8198323221192316,5.818110369790974,1.6850220568529117,0.2811726821135963,219,219000,CPz
A06T,10,"Fz,FC3,FC4,C3,Cz,C4,CP3,CP4,Pz,POz",12,spherical_spline,1.5224890046197486,1.2055282440581314,0.9927883859355036,0.9851785652756633,3.894438474184324,3.8198323221192316,5.818110369790974,1.6850220568529117,0.2811726821135963,219,219000,CP2
A06T,10,"Fz,FC3,FC4,C3,Cz,C4,CP3,CP4,Pz,POz",12,spherical_spline,1.5994297006289266,1.2492367889746534,0.9912968525140687,0.9826119195345431,3.894438474184324,3.8198323221192316,5.818110369790974,1.6850220568529117,0.2811726821135963,219,219000,P1
A06T,10,"Fz,FC3,FC4,C3,Cz,C4,CP3,CP4,Pz,POz",12,spherical_spline,2.374159168898377,1.776156974841878,0.9818534006912079,0.964010221003129,3.894438474184324,3.8198323221192316,5.818110369790974,1.6850220568529117,0.2811726821135963,219,219000,P2
A06T,15,"Fz,FC3,FC1,FC2,FC4,C3,C1,Cz,C2,C4,CP3,CP1,CP2,CP4,Pz",7,spherical_spline,3.8714146262282947,2.776588552183018,0.9531322310557697,0.8980956985036559,5.559573311272142,5.661703092729139,8.922785718961249,3.641152961604047,0.20826466161587576,219,219000,
A06T,15,"Fz,FC3,FC1,FC2,FC4,C3,C1,Cz,C2,C4,CP3,CP1,CP2,CP4,Pz",7,spherical_spline,2.633528002701213,2.119694606501366,0.9823460209694717,0.9639408994942479,5.559573311272142,5.661703092729139,8.922785718961249,3.641152961604047,0.20826466161587576,219,219000,FCz
A06T,15,"Fz,FC3,FC1,FC2,FC4,C3,C1,Cz,C2,C4,CP3,CP1,CP2,CP4,Pz",7,spherical_spline,6.274612225871396,5.124048772300519,0.8645366775328591,0.6387428112574703,5.559573311272142,5.661703092729139,8.922785718961249,3.641152961604047,0.20826466161587576,219,219000,C5
A06T,15,"Fz,FC3,FC1,FC2,FC4,C3,C1,Cz,C2,C4,CP3,CP1,CP2,CP4,Pz",7,spherical_spline,5.36430174259508,4.306771682746895,0.9158308073596368,0.7687672499333769,5.559573311272142,5.661703092729139,8.922785718961249,3.641152961604047,0.20826466161587576,219,219000,C6
A06T,15,"Fz,FC3,FC1,FC2,FC4,C3,C1,Cz,C2,C4,CP3,CP1,CP2,CP4,Pz",7,spherical_spline,1.9219662755657854,1.5406349449263905,0.9883680446863082,0.976833532631774,5.559573311272142,5.661703092729139,8.922785718961249,3.641152961604047,0.20826466161587576,219,219000,CPz
A06T,15,"Fz,FC3,FC1,FC2,FC4,C3,C1,Cz,C2,C4,CP3,CP1,CP2,CP4,Pz",7,spherical_spline,1.6367423715040317,1.2839778053881317,0.9914661418314259,0.9817911725959347,5.559573311272142,5.661703092729139,8.922785718961249,3.641152961604047,0.20826466161587576,219,219000,P1
A06T,15,"Fz,FC3,FC1,FC2,FC4,C3,C1,Cz,C2,C4,CP3,CP1,CP2,CP4,Pz",7,spherical_spline,2.4003715804270644,1.8198656409853633,0.9817970743382615,0.9632111282561436,5.559573311272142,5.661703092729139,8.922785718961249,3.641152961604047,0.20826466161587576,219,219000,P2
A06T,15,"Fz,FC3,FC1,FC2,FC4,C3,C1,Cz,C2,C4,CP3,CP1,CP2,CP4,Pz",7,spherical_spline,4.206938704846507,3.2411264124323127,0.9497434986714381,0.8741021184938692,5.559573311272142,5.661703092729139,8.922785718961249,3.641152961604047,0.20826466161587576,219,219000,POz
A07T,5,"Fz,C3,C4,Pz,POz",17,spherical_spline,2.646086763562836,2.005825081476582,0.9532234883631447,0.9054531454336576,1.038887531378869,0.6211196773995706,1.2191278626446005,1.390016788456184,0.1635633450308597,271,271000,
A07T,5,"Fz,C3,C4,Pz,POz",17,spherical_spline,2.2683024059843206,1.795891795492901,0.9571618645167038,0.9158665791700352,1.038887531378869,0.6211196773995706,1.2191278626446005,1.390016788456184,0.1635633450308597,271,271000,FC3
A07T,5,"Fz,C3,C4,Pz,POz",17,spherical_spline,2.4831681826871854,1.9542017879313494,0.9580175640854819,0.9173844070380743,1.038887531378869,0.6211196773995706,1.2191278626446005,1.390016788456184,0.1635633450308597,271,271000,FC1
A07T,5,"Fz,C3,C4,Pz,POz",17,spherical_spline,3.132280862118805,2.473646303523143,0.9406958976989611,0.8814630301074522,1.038887531378869,0.6211196773995706,1.2191278626446005,1.390016788456184,0.1635633450308597,271,271000,FCz
A07T,5,"Fz,C3,C4,Pz,POz",17,spherical_spline,2.5403808746664582,1.9956467434317706,0.9603441342396618,0.9211126052609618,1.038887531378869,0.6211196773995706,1.2191278626446005,1.390016788456184,0.1635633450308597,271,271000,FC2
A07T,5,"Fz,C3,C4,Pz,POz",17,spherical_spline,2.122651556126337,1.6812452027606304,0.969803985066186,0.9403213547644136,1.038887531378869,0.6211196773995706,1.2191278626446005,1.390016788456184,0.1635633450308597,271,271000,FC4
A07T,5,"Fz,C3,C4,Pz,POz",17,spherical_spline,4.25436386942984,3.382029144237875,0.8089835655932063,0.535754746311116,1.038887531378869,0.6211196773995706,1.2191278626446005,1.390016788456184,0.1635633450308597,271,271000,C5
A07T,5,"Fz,C3,C4,Pz,POz",17,spherical_spline,2.5108186086807316,1.9922269088282119,0.9571686989067836,0.9130926811881079,1.038887531378869,0.6211196773995706,1.2191278626446005,1.390016788456184,0.1635633450308597,271,271000,C1
A07T,5,"Fz,C3,C4,Pz,POz",17,spherical_spline,3.443132271867113,2.7186869886378293,0.9315752884870201,0.8607338760904194,1.038887531378869,0.6211196773995706,1.2191278626446005,1.390016788456184,0.1635633450308597,271,271000,Cz
A07T,5,"Fz,C3,C4,Pz,POz",17,spherical_spline,2.5150906047919954,1.9901788038347759,0.9621701275376827,0.9205046364502559,1.038887531378869,0.6211196773995706,1.2191278626446005,1.390016788456184,0.1635633450308597,271,271000,C2
A07T,5,"Fz,C3,C4,Pz,POz",17,spherical_spline,4.206480226450665,3.3455575973867355,0.8690836838470899,0.7191301704988667,1.038887531378869,0.6211196773995706,1.2191278626446005,1.390016788456184,0.1635633450308597,271,271000,C6
A07T,5,"Fz,C3,C4,Pz,POz",17,spherical_spline,2.2278171206062796,1.8082048927221848,0.9610559780598441,0.9233559289258537,1.038887531378869,0.6211196773995706,1.2191278626446005,1.390016788456184,0.1635633450308597,271,271000,CP3
A07T,5,"Fz,C3,C4,Pz,POz",17,spherical_spline,2.0239749352826615,1.6165113599988132,0.972910998356648,0.9455167179082349,1.038887531378869,0.6211196773995706,1.2191278626446005,1.390016788456184,0.1635633450308597,271,271000,CP1
A07T,5,"Fz,C3,C4,Pz,POz",17,spherical_spline,2.4209100023098578,1.9333508353538171,0.9664127819998367,0.9309435364974286,1.038887531378869,0.6211196773995706,1.2191278626446005,1.390016788456184,0.1635633450308597,271,271000,CPz
A07T,5,"Fz,C3,C4,Pz,POz",17,spherical_spline,1.7273375747825421,1.372238450456613,0.9826336371123097,0.9631789254302663,1.038887531378869,0.6211196773995706,1.2191278626446005,1.390016788456184,0.1635633450308597,271,271000,CP2
A07T,5,"Fz,C3,C4,Pz,POz",17,spherical_spline,2.0394388813111015,1.6228208975794793,0.9727446777790594,0.9459775794154378,1.038887531378869,0.6211196773995706,1.2191278626446005,1.390016788456184,0.1635633450308597,271,271000,CP4
A07T,5,"Fz,C3,C4,Pz,POz",17,spherical_spline,1.544175056920401,1.2406214046143678,0.9847648395665283,0.9696547023434553,1.038887531378869,0.6211196773995706,1.2191278626446005,1.390016788456184,0.1635633450308597,271,271000,P1
A07T,5,"Fz,C3,C4,Pz,POz",17,spherical_spline,1.4904427592678848,1.1759672683114109,0.9870168645275742,0.9730406666867628,1.038887531378869,0.6211196773995706,1.2191278626446005,1.390016788456184,0.1635633450308597,271,271000,P2
A07T,10,"Fz,FC3,FC4,C3,Cz,C4,CP3,CP4,Pz,POz",12,spherical_spline,2.190450725763625,1.66748088949754,0.9682630537800402,0.9356981366641756,1.350349184478878,0.6554270725519735,0.5807916755011928,1.0505017949536455,0.1065777130148634,271,271000,
A07T,10,"Fz,FC3,FC4,C3,Cz,C4,CP3,CP4,Pz,POz",12,spherical_spline,1.8996009722758154,1.5267519142766248,0.9755376675773602,0.95165244447323,1.350349184478878,0.6554270725519735,0.5807916755011928,1.0505017949536455,0.1065777130148634,271,271000,FC1
A07T,10,"Fz,FC3,FC4,C3,Cz,C4,CP3,CP4,Pz,POz",12,spherical_spline,1.7980616699296355,1.4231321433587212,0.9803027996200102,0.9609391586485063,1.350349184478878,0.6554270725519735,0.5807916755011928,1.0505017949536455,0.1065777130148634,271,271000,FCz
A07T,10,"Fz,FC3,FC4,C3,Cz,C4,CP3,CP4,Pz,POz",12,spherical_spline,2.193442795199848,1.7486448246676964,0.9704312053920078,0.9411884575505014,1.350349184478878,0.6554270725519735,0.5807916755011928,1.0505017949536455,0.1065777130148634,271,271000,FC2
A07T,10,"Fz,FC3,FC4,C3,Cz,C4,CP3,CP4,Pz,POz",12,spherical_spline,3.3528167235350788,2.693843488694136,0.886666920417865,0.7116646853783328,1.350349184478878,0.6554270725519735,0.5807916755011928,1.0505017949536455,0.1065777130148634,271,271000,C5
A07T,10,"Fz,FC3,FC4,C3,Cz,C4,CP3,CP4,Pz,POz",12,spherical_spline,1.8745749290470024,1.5469684051758683,0.9756499878424632,0.95155697183527,1.350349184478878,0.6554270725519735,0.5807916755011928,1.0505017949536455,0.1065777130148634,271,271000,C1
A07T,10,"Fz,FC3,FC4,C3,Cz,C4,CP3,CP4,Pz,POz",12,spherical_spline,2.032315384559886,1.663740431934028,0.9748882268242056,0.9480940983465513,1.350349184478878,0.6554270725519735,0.5807916755011928,1.0505017949536455,0.1065777130148634,271,271000,C2
A07T,10,"Fz,FC3,FC4,C3,Cz,C4,CP3,CP4,Pz,POz",12,spherical_spline,3.825307340132178,3.0681623773767193,0.8899122060026976,0.7677262910917653,1.350349184478878,0.6554270725519735,0.5807916755011928,1.0505017949536455,0.1065777130148634,271,271000,C6
A07T,10,"Fz,FC3,FC4,C3,Cz,C4,CP3,CP4,Pz,POz",12,spherical_spline,1.6844083424757113,1.383455863845713,0.9810899794897504,0.9622647032795703,1.350349184478878,0.6554270725519735,0.5807916755011928,1.0505017949536455,0.1065777130148634,271,271000,CP1
A07T,10,"Fz,FC3,FC4,C3,Cz,C4,CP3,CP4,Pz,POz",12,spherical_spline,1.6421420799287094,1.3067918376796637,0.9840851926145523,0.9682262478033519,1.350349184478878,0.6554270725519735,0.5807916755011928,1.0505017949536455,0.1065777130148634,271,271000,CPz
A07T,10,"Fz,FC3,FC4,C3,Cz,C4,CP3,CP4,Pz,POz",12,spherical_spline,1.2165303655385935,0.9688359465097492,0.991137795638249,0.9817363353003937,1.350349184478878,0.6554270725519735,0.5807916755011928,1.0505017949536455,0.1065777130148634,271,271000,CP2
A07T,10,"Fz,FC3,FC4,C3,Cz,C4,CP3,CP4,Pz,POz",12,spherical_spline,1.9319921573705554,1.6565704772787015,0.976199618551371,0.9524983107673927,1.350349184478878,0.6554270725519735,0.5807916755011928,1.0505017949536455,0.1065777130148634,271,271000,P1
A07T,10,"Fz,FC3,FC4,C3,Cz,C4,CP3,CP4,Pz,POz",12,spherical_spline,1.2880592180160226,1.022872963172973,0.9903914461106124,0.9798650662437378,1.350349184478878,0.6554270725519735,0.5807916755011928,1.0505017949536455,0.1065777130148634,271,271000,P2
A07T,15,"Fz,FC3,FC1,FC2,FC4,C3,C1,Cz,C2,C4,CP3,CP1,CP2,CP4,Pz",7,spherical_spline,2.982319677276525,2.2316982156488443,0.9431842914549006,0.8799233823331589,1.8359476996165103,0.8503802778343631,1.0719198223617523,1.8615818420370374,0.650218209219771,271,271000,
A07T,15,"Fz,FC3,FC1,FC2,FC4,C3,C1,Cz,C2,C4,CP3,CP1,CP2,CP4,Pz",7,spherical_spline,1.9425491175889487,1.611720153551796,0.9771400075117971,0.9544092806260127,1.8359476996165103,0.8503802778343631,1.0719198223617523,1.8615818420370374,0.650218209219771,271,271000,FCz
A07T,15,"Fz,FC3,FC1,FC2,FC4,C3,C1,Cz,C2,C4,CP3,CP1,CP2,CP4,Pz",7,spherical_spline,4.870770555408637,4.13754672031425,0.7871054640152052,0.3914818267212453,1.8359476996165103,0.8503802778343631,1.0719198223617523,1.8615818420370374,0.650218209219771,271,271000,C5
A07T,15,"Fz,FC3,FC1,FC2,FC4,C3,C1,Cz,C2,C4,CP3,CP1,CP2,CP4,Pz",7,spherical_spline,4.2584316446038315,3.4670045128959286,0.8743343670916051,0.7121496591838484,1.8359476996165103,0.8503802778343631,1.0719198223617523,1.8615818420370374,0.650218209219771,271,271000,C6
A07T,15,"Fz,FC3,FC1,FC2,FC4,C3,C1,Cz,C2,C4,CP3,CP1,CP2,CP4,Pz",7,spherical_spline,1.709647752407264,1.3720820538347742,0.9826316279684971,0.9655602235789056,1.8359476996165103,0.8503802778343631,1.0719198223617523,1.8615818420370374,0.650218209219771,271,271000,CPz
A07T,15,"Fz,FC3,FC1,FC2,FC4,C3,C1,Cz,C2,C4,CP3,CP1,CP2,CP4,Pz",7,spherical_spline,2.0168986955296706,1.722264642051007,0.9743961637482387,0.9482313897900869,1.8359476996165103,0.8503802778343631,1.0719198223617523,1.8615818420370374,0.650218209219771,271,271000,P1
A07T,15,"Fz,FC3,FC1,FC2,FC4,C3,C1,Cz,C2,C4,CP3,CP1,CP2,CP4,Pz",7,spherical_spline,1.3996428191314036,1.1140294897921887,0.988886802628089,0.9762254127553287,1.8359476996165103,0.8503802778343631,1.0719198223617523,1.8615818420370374,0.650218209219771,271,271000,P2
A07T,15,"Fz,FC3,FC1,FC2,FC4,C3,C1,Cz,C2,C4,CP3,CP1,CP2,CP4,Pz",7,spherical_spline,2.7708655410114216,2.19723993710196,0.9575182957615208,0.9126299335993149,1.8359476996165103,0.8503802778343631,1.0719198223617523,1.8615818420370374,0.650218209219771,271,271000,POz
A08T,5,"Fz,C3,C4,Pz,POz",17,spherical_spline,3.5284208807426216,2.6498915440765476,0.9620432222195068,0.9239061016165357,1.8392997824335244,1.409575995802158,6.775581684765339,1.9208114463645405,0.22819894389109033,264,264000,
A08T,5,"Fz,C3,C4,Pz,POz",17,spherical_spline,2.959099028401814,2.3188804766806577,0.9690158507731691,0.9389641549916268,1.8392997824335244,1.409575995802158,6.775581684765339,1.9208114463645405,0.22819894389109033,264,264000,FC3
A08T,5,"Fz,C3,C4,Pz,POz",17,spherical_spline,3.0748135766266045,2.4239380673657482,0.9720249682291032,0.9448194532748359,1.8392997824335244,1.409575995802158,6.775581684765339,1.9208114463645405,0.22819894389109033,264,264000,FC1
A08T,5,"Fz,C3,C4,Pz,POz",17,spherical_spline,4.100526454685799,3.2280551454003437,0.9551233499193083,0.9114993168275789,1.8392997824335244,1.409575995802158,6.775581684765339,1.9208114463645405,0.22819894389109033,264,264000,FCz
A08T,5,"Fz,C3,C4,Pz,POz",17,spherical_spline,3.4830063322169535,2.73630104274218,0.9672830997673108,0.93509209271579,1.8392997824335244,1.409575995802158,6.775581684765339,1.9208114463645405,0.22819894389109033,264,264000,FC2
A08T,5,"Fz,C3,C4,Pz,POz",17,spherical_spline,3.500987083920879,2.7201568593728873,0.9655573310877948,0.9320537154962785,1.8392997824335244,1.409575995802158,6.775581684765339,1.9208114463645405,0.22819894389109033,264,264000,FC4
A08T,5,"Fz,C3,C4,Pz,POz",17,spherical_spline,5.657777181664295,4.456341847209067,0.8549258755405521,0.6415065770115997,1.8392997824335244,1.409575995802158,6.775581684765339,1.9208114463645405,0.22819894389109033,264,264000,C5
A08T,5,"Fz,C3,C4,Pz,POz",17,spherical_spline,3.273115386071862,2.580306962910466,0.9662705902330191,0.9322083799546811,1.8392997824335244,1.409575995802158,6.775581684765339,1.9208114463645405,0.22819894389109033,264,264000,C1
A08T,5,"Fz,C3,C4,Pz,POz",17,spherical_spline,4.364358524163727,3.431337878434767,0.9494442956632134,0.8989310201536808,1.8392997824335244,1.409575995802158,6.775581684765339,1.9208114463645405,0.22819894389109033,264,264000,Cz
A08T,5,"Fz,C3,C4,Pz,POz",17,spherical_spline,3.3332043418806454,2.6155061132173802,0.9698546882522846,0.936793389221011,1.8392997824335244,1.409575995802158,6.775581684765339,1.9208114463645405,0.22819894389109033,264,264000,C2
A08T,5,"Fz,C3,C4,Pz,POz",17,spherical_spline,5.429014004453434,4.257493248095774,0.9119027044044358,0.8129732768528506,1.8392997824335244,1.409575995802158,6.775581684765339,1.9208114463645405,0.22819894389109033,264,264000,C6
A08T,5,"Fz,C3,C4,Pz,POz",17,spherical_spline,3.7672671123485912,2.9271503488550015,0.944505724005704,0.8920259302862477,1.8392997824335244,1.409575995802158,6.775581684765339,1.9208114463645405,0.22819894389109033,264,264000,CP3
A08T,5,"Fz,C3,C4,Pz,POz",17,spherical_spline,2.4376136652591076,1.9275728655848208,0.9805154335720958,0.9604209887320376,1.8392997824335244,1.409575995802158,6.775581684765339,1.9208114463645405,0.22819894389109033,264,264000,CP1
A08T,5,"Fz,C3,C4,Pz,POz",17,spherical_spline,2.3925645606936015,1.895298963365843,0.9841070578361859,0.9668085806599438,1.8392997824335244,1.409575995802158,6.775581684765339,1.9208114463645405,0.22819894389109033,264,264000,CPz
A08T,5,"Fz,C3,C4,Pz,POz",17,spherical_spline,2.400841564877838,1.8820965790246427,0.9839796782284992,0.9672197172427744,1.8392997824335244,1.409575995802158,6.775581684765339,1.9208114463645405,0.22819894389109033,264,264000,CP2
A08T,5,"Fz,C3,C4,Pz,POz",17,spherical_spline,3.0229936684905687,2.317772910044934,0.9751926685509412,0.9503911004170005,1.8392997824335244,1.409575995802158,6.775581684765339,1.9208114463645405,0.22819894389109033,264,264000,CP4
A08T,5,"Fz,C3,C4,Pz,POz",17,spherical_spline,2.1938256021227613,1.7177438725271519,0.9842363383204723,0.9682811879134874,1.8392997824335244,1.409575995802158,6.775581684765339,1.9208114463645405,0.22819894389109033,264,264000,P1
A08T,5,"Fz,C3,C4,Pz,POz",17,spherical_spline,2.0742913785793844,1.6122030684695186,0.9877443154526782,0.9753082120236392,1.8392997824335244,1.409575995802158,6.775581684765339,1.9208114463645405,0.22819894389109033,264,264000,P2
A08T,10,"Fz,FC3,FC4,C3,Cz,C4,CP3,CP4,Pz,POz",12,spherical_spline,2.46627343147719,1.818157446455362,0.9817660374389315,0.9626344824239177,1.4686489479764446,0.7629508011500128,4.572793130877848,1.6034995465489852,0.20659378006927342,264,264000,
A08T,10,"Fz,FC3,FC4,C3,Cz,C4,CP3,CP4,Pz,POz",12,spherical_spline,2.084985287427731,1.6670213191852714,0.9873400136688695,0.9746280171817746,1.4686489479764446,0.7629508011500128,4.572793130877848,1.6034995465489852,0.20659378006927342,264,264000,FC1
A08T,10,"Fz,FC3,FC4,C3,Cz,C4,CP3,CP4,Pz,POz",12,spherical_spline,2.130314108302833,1.6858139816601092,0.9880857715261874,0.976113381459881,1.4686489479764446,0.7629508011500128,4.572793130877848,1.6034995465489852,0.20659378006927342,264,264000,FCz
A08T,10,"Fz,FC3,FC4,C3,Cz,C4,CP3,CP4,Pz,POz",12,spherical_spline,2.3889791658486614,1.9065390757754375,0.9848876744885049,0.9694638835093046,1.4686489479764446,0.7629508011500128,4.572793130877848,1.6034995465489852,0.20659378006927342,264,264000,FC2
A08T,10,"Fz,FC3,FC4,C3,Cz,C4,CP3,CP4,Pz,POz",12,spherical_spline,4.663680454636244,3.6855614517768904,0.9008671219663436,0.7564169385698041,1.4686489479764446,0.7629508011500128,4.572793130877848,1.6034995465489852,0.20659378006927342,264,264000,C5
A08T,10,"Fz,FC3,FC4,C3,Cz,C4,CP3,CP4,Pz,POz",12,spherical_spline,1.98962217698741,1.626939180528081,0.9875504686800839,0.9749507569044964,1.4686489479764446,0.7629508011500128,4.572793130877848,1.6034995465489852,0.20659378006927342,264,264000,C1
A08T,10,"Fz,FC3,FC4,C3,Cz,C4,CP3,CP4,Pz,POz",12,spherical_spline,2.126413401469645,1.7251020228330123,0.9876776216099215,0.9742762649862394,1.4686489479764446,0.7629508011500128,4.572793130877848,1.6034995465489852,0.20659378006927342,264,264000,C2
A08T,10,"Fz,FC3,FC4,C3,Cz,C4,CP3,CP4,Pz,POz",12,spherical_spline,3.815237358883029,3.0090038062011177,0.9560219826190056,0.9076355464909507,1.4686489479764446,0.7629508011500128,4.572793130877848,1.6034995465489852,0.20659378006927342,264,264000,C6
A08T,10,"Fz,FC3,FC4,C3,Cz,C4,CP3,CP4,Pz,POz",12,spherical_spline,1.9051843257227585,1.540731208957641,0.9878876718990671,0.9758226226554486,1.4686489479764446,0.7629508011500128,4.572793130877848,1.6034995465489852,0.20659378006927342,264,264000,CP1
A08T,10,"Fz,FC3,FC4,C3,Cz,C4,CP3,CP4,Pz,POz",12,spherical_spline,1.4229575303813418,1.1297391505260705,0.9941806507423343,0.9882596141658647,1.4686489479764446,0.7629508011500128,4.572793130877848,1.6034995465489852,0.20659378006927342,264,264000,CPz
A08T,10,"Fz,FC3,FC4,C3,Cz,C4,CP3,CP4,Pz,POz",12,spherical_spline,1.5290391747704253,1.2072824949960954,0.9935598585634563,0.9867039414867407,1.4686489479764446,0.7629508011500128,4.572793130877848,1.6034995465489852,0.20659378006927342,264,264000,CP2
A08T,10,"Fz,FC3,FC4,C3,Cz,C4,CP3,CP4,Pz,POz",12,spherical_spline,1.6451818822463093,1.2972958114051143,0.9910993913735402,0.982162230426413,1.4686489479764446,0.7629508011500128,4.572793130877848,1.6034995465489852,0.20659378006927342,264,264000,P1
A08T,10,"Fz,FC3,FC4,C3,Cz,C4,CP3,CP4,Pz,POz",12,spherical_spline,1.7064966573228721,1.3368598536196332,0.9921269355505635,0.983288174262902,1.4686489479764446,0.7629508011500128,4.572793130877848,1.6034995465489852,0.20659378006927342,264,264000,P2
A08T,15,"Fz,FC3,FC1,FC2,FC4,C3,C1,Cz,C2,C4,CP3,CP1,CP2,CP4,Pz",7,spherical_spline,3.3884756128563884,2.454915018208286,0.9656324692775029,0.9277373409105225,1.7511383097323865,1.0414102952911453,6.7808760158905566,2.7921135394949923,0.7289812025986074,264,264000,
A08T,15,"Fz,FC3,FC1,FC2,FC4,C3,C1,Cz,C2,C4,CP3,CP1,CP2,CP4,Pz",7,spherical_spline,2.111567926764741,1.727274506495192,0.9882024524229411,0.9765319232160226,1.7511383097323865,1.0414102952911453,6.7808760158905566,2.7921135394949923,0.7289812025986074,264,264000,FCz
A08T,15,"Fz,FC3,FC1,FC2,FC4,C3,C1,Cz,C2,C4,CP3,CP1,CP2,CP4,Pz",7,spherical_spline,5.7313350387471065,4.690008470705762,0.8617231901608158,0.6321242956272619,1.7511383097323865,1.0414102952911453,6.7808760158905566,2.7921135394949923,0.7289812025986074,264,264000,C5
A08T,15,"Fz,FC3,FC1,FC2,FC4,C3,C1,Cz,C2,C4,CP3,CP1,CP2,CP4,Pz",7,spherical_spline,4.162275589840426,3.3979060154997605,0.950787761165275,0.890068183323455,1.7511383097323865,1.0414102952911453,6.7808760158905566,2.7921135394949923,0.7289812025986074,264,264000,C6
A08T,15,"Fz,FC3,FC1,FC2,FC4,C3,C1,Cz,C2,C4,CP3,CP1,CP2,CP4,Pz",7,spherical_spline,1.6346841674218147,1.3111154373300293,0.9922446202004508,0.9845059053106813,1.7511383097323865,1.0414102952911453,6.7808760158905566,2.7921135394949923,0.7289812025986074,264,264000,CPz
A08T,15,"Fz,FC3,FC1,FC2,FC4,C3,C1,Cz,C2,C4,CP3,CP1,CP2,CP4,Pz",7,spherical_spline,1.84162948888304,1.4494665235403066,0.9890552773231572,0.9776479564967395,1.7511383097323865,1.0414102952911453,6.7808760158905566,2.7921135394949923,0.7289812025986074,264,264000,P1
A08T,15,"Fz,FC3,FC1,FC2,FC4,C3,C1,Cz,C2,C4,CP3,CP1,CP2,CP4,Pz",7,spherical_spline,1.840558416010855,1.4371435717077745,0.9909018451894009,0.9805592853395346,1.7511383097323865,1.0414102952911453,6.7808760158905566,2.7921135394949923,0.7289812025986074,264,264000,P2
A08T,15,"Fz,FC3,FC1,FC2,FC4,C3,C1,Cz,C2,C4,CP3,CP1,CP2,CP4,Pz",7,spherical_spline,4.036020756472027,3.171490602179219,0.9551682790509506,0.9078946092934974,1.7511383097323865,1.0414102952911453,6.7808760158905566,2.7921135394949923,0.7289812025986074,264,264000,POz
A09T,5,"Fz,C3,C4,Pz,POz",17,spherical_spline,4.95289479343295,3.625611285534133,0.936711915796675,0.8654123496264053,3.140350003628928,2.6429434556727323,26.408509464598815,4.295386479656891,0.8103810032172634,237,237000,
A09T,5,"Fz,C3,C4,Pz,POz",17,spherical_spline,4.794318495371635,3.6270000573566827,0.9305287576745068,0.8422384720865335,3.140350003628928,2.6429434556727323,26.408509464598815,4.295386479656891,0.8103810032172634,237,237000,FC3
A09T,5,"Fz,C3,C4,Pz,POz",17,spherical_spline,4.283830982740497,3.3612567394553112,0.9453017530041807,0.889440078363917,3.140350003628928,2.6429434556727323,26.408509464598815,4.295386479656891,0.8103810032172634,237,237000,FC1
A09T,5,"Fz,C3,C4,Pz,POz",17,spherical_spline,5.660677776979317,4.450165200164467,0.9131234030908916,0.8268253490497675,3.140350003628928,2.6429434556727323,26.408509464598815,4.295386479656891,0.8103810032172634,237,237000,FCz
A09T,5,"Fz,C3,C4,Pz,POz",17,spherical_spline,4.34891226118524,3.4002096504654937,0.9480262531943107,0.8941310537916131,3.140350003628928,2.6429434556727323,26.408509464598815,4.295386479656891,0.8103810032172634,237,237000,FC2
A09T,5,"Fz,C3,C4,Pz,POz",17,spherical_spline,5.032529727015638,3.8254087283723424,0.9338036683140412,0.8519946225407149,3.140350003628928,2.6429434556727323,26.408509464598815,4.295386479656891,0.8103810032172634,237,237000,FC4
A09T,5,"Fz,C3,C4,Pz,POz",17,spherical_spline,8.682725202239064,6.72888119592749,0.8124095496995372,0.27483161539206413,3.140350003628928,2.6429434556727323,26.408509464598815,4.295386479656891,0.8103810032172634,237,237000,C5
A09T,5,"Fz,C3,C4,Pz,POz",17,spherical_spline,4.480991967659384,3.5223842259005407,0.9436372882712114,0.8807431255167537,3.140350003628928,2.6429434556727323,26.408509464598815,4.295386479656891,0.8103810032172634,237,237000,C1
A09T,5,"Fz,C3,C4,Pz,POz",17,spherical_spline,6.341026675009856,4.982059294889796,0.8985531506429978,0.7878948975237627,3.140350003628928,2.6429434556727323,26.408509464598815,4.295386479656891,0.8103810032172634,237,237000,Cz
A09T,5,"Fz,C3,C4,Pz,POz",17,spherical_spline,4.456714095102928,3.4879545296673413,0.9487286562333733,0.8878038541059686,3.140350003628928,2.6429434556727323,26.408509464598815,4.295386479656891,0.8103810032172634,237,237000,C2
A09T,5,"Fz,C3,C4,Pz,POz",17,spherical_spline,8.089915166603392,6.311640754698911,0.8581126610084698,0.5912825995155477,3.140350003628928,2.6429434556727323,26.408509464598815,4.295386479656891,0.8103810032172634,237,237000,C6
A09T,5,"Fz,C3,C4,Pz,POz",17,spherical_spline,4.127568823778831,3.16240358060023,0.9551984975837523,0.9122798934456293,3.140350003628928,2.6429434556727323,26.408509464598815,4.295386479656891,0.8103810032172634,237,237000,CP3
A09T,5,"Fz,C3,C4,Pz,POz",17,spherical_spline,2.95080125318294,2.3050557507482896,0.9773398987607791,0.9523782337762254,3.140350003628928,2.6429434556727323,26.408509464598815,4.295386479656891,0.8103810032172634,237,237000,CP1
A09T,5,"Fz,C3,C4,Pz,POz",17,spherical_spline,3.3697946877584064,2.651603380457415,0.9733509587526394,0.9428992478290051,3.140350003628928,2.6429434556727323,26.408509464598815,4.295386479656891,0.8103810032172634,237,237000,CPz
A09T,5,"Fz,C3,C4,Pz,POz",17,spherical_spline,2.9238997068397685,2.2620481920437414,0.9792647124920631,0.9566385207724917,3.140350003628928,2.6429434556727323,26.408509464598815,4.295386479656891,0.8103810032172634,237,237000,CP2
A09T,5,"Fz,C3,C4,Pz,POz",17,spherical_spline,3.859365105024269,3.003840867520185,0.9671193044355781,0.9343084065982917,3.140350003628928,2.6429434556727323,26.408509464598815,4.295386479656891,0.8103810032172634,237,237000,CP4
A09T,5,"Fz,C3,C4,Pz,POz",17,spherical_spline,3.021733403370631,2.302485670687505,0.979198960384936,0.9579089343860664,3.140350003628928,2.6429434556727323,26.408509464598815,4.295386479656891,0.8103810032172634,237,237000,P1
A09T,5,"Fz,C3,C4,Pz,POz",17,spherical_spline,2.957953541243254,2.250994035124385,0.9813330253181983,0.9629624250853269,3.140350003628928,2.6429434556727323,26.408509464598815,4.295386479656891,0.8103810032172634,237,237000,P2
A09T,10,"Fz,FC3,FC4,C3,Cz,C4,CP3,CP4,Pz,POz",12,spherical_spline,3.199972118011568,2.247840874268964,0.973297134241099,0.943406209754759,4.723527096970228,2.6582438464120353,15.813988134753021,2.3270907968654373,0.2373348820348999,237,237000,
A09T,10,"Fz,FC3,FC4,C3,Cz,C4,CP3,CP4,Pz,POz",12,spherical_spline,2.2166402820010975,1.767001265535198,0.9853758441750552,0.9703978326467874,4.723527096970228,2.6582438464120353,15.813988134753021,2.3270907968654373,0.2373348820348999,237,237000,FC1
A09T,10,"Fz,FC3,FC4,C3,Cz,C4,CP3,CP4,Pz,POz",12,spherical_spline,2.6607276192201867,2.098781631963664,0.9808173201147529,0.9617397073120293,4.723527096970228,2.6582438464120353,15.813988134753021,2.3270907968654373,0.2373348820348999,237,237000,FCz
A09T,10,"Fz,FC3,FC4,C3,Cz,C4,CP3,CP4,Pz,POz",12,spherical_spline,2.6830487702515424,2.132079600521177,0.9797638178468435,0.9597037685418461,4.723527096970228,2.6582438464120353,15.813988134753021,2.3270907968654373,0.2373348820348999,237,237000,FC2
A09T,10,"Fz,FC3,FC4,C3,Cz,C4,CP3,CP4,Pz,POz",12,spherical_spline,6.046393759552682,4.7199482838103535,0.8967726120894141,0.6483427287772265,4.723527096970228,2.6582438464120353,15.813988134753021,2.3270907968654373,0.2373348820348999,237,237000,C5
A09T,10,"Fz,FC3,FC4,C3,Cz,C4,CP3,CP4,Pz,POz",12,spherical_spline,1.9545476846240422,1.5986185098588688,0.9890113214047298,0.977310358566222,4.723527096970228,2.6582438464120353,15.813988134753021,2.3270907968654373,0.2373348820348999,237,237000,C1
A09T,10,"Fz,FC3,FC4,C3,Cz,C4,CP3,CP4,Pz,POz",12,spherical_spline,2.35754981248808,1.9003646476736689,0.9848045706627534,0.9686043018329831,4.723527096970228,2.6582438464120353,15.813988134753021,2.3270907968654373,0.2373348820348999,237,237000,C2
A09T,10,"Fz,FC3,FC4,C3,Cz,C4,CP3,CP4,Pz,POz",12,spherical_spline,6.029196034527991,4.739249955026243,0.9190222141981681,0.772985288505126,4.723527096970228,2.6582438464120353,15.813988134753021,2.3270907968654373,0.2373348820348999,237,237000,C6
A09T,10,"Fz,FC3,FC4,C3,Cz,C4,CP3,CP4,Pz,POz",12,spherical_spline,1.9266091664908376,1.5508374009443782,0.990090975718871,0.9796992153245223,4.723527096970228,2.6582438464120353,15.813988134753021,2.3270907968654373,0.2373348820348999,237,237000,CP1
A09T,10,"Fz,FC3,FC4,C3,Cz,C4,CP3,CP4,Pz,POz",12,spherical_spline,1.686857444305989,1.34439133930706,0.9928200275909407,0.9856915789798201,4.723527096970228,2.6582438464120353,15.813988134753021,2.3270907968654373,0.2373348820348999,237,237000,CPz
A09T,10,"Fz,FC3,FC4,C3,Cz,C4,CP3,CP4,Pz,POz",12,spherical_spline,1.7283789787089272,1.3432287459227636,0.9925668099174708,0.984848448826781,4.723527096970228,2.6582438464120353,15.813988134753021,2.3270907968654373,0.2373348820348999,237,237000,CP2
A09T,10,"Fz,FC3,FC4,C3,Cz,C4,CP3,CP4,Pz,POz",12,spherical_spline,2.5175165404674216,1.9859381326453192,0.9856303385913593,0.9707838964459723,4.723527096970228,2.6582438464120353,15.813988134753021,2.3270907968654373,0.2373348820348999,237,237000,P1
A09T,10,"Fz,FC3,FC4,C3,Cz,C4,CP3,CP4,Pz,POz",12,spherical_spline,2.3484607584660098,1.7936509780187628,0.988286275383475,0.9766532484663101,4.723527096970228,2.6582438464120353,15.813988134753021,2.3270907968654373,0.2373348820348999,237,237000,P2
A09T,15,"Fz,FC3,FC1,FC2,FC4,C3,C1,Cz,C2,C4,CP3,CP1,CP2,CP4,Pz",7,spherical_spline,4.2297843854503325,3.007897016435115,0.9584655872443525,0.909566018835188,5.292306183827706,3.462008566168975,22.28136858205681,4.265009959794784,0.8994601551032182,237,237000,
A09T,15,"Fz,FC3,FC1,FC2,FC4,C3,C1,Cz,C2,C4,CP3,CP1,CP2,CP4,Pz",7,spherical_spline,2.126807169686596,1.7342410403658601,0.9877018855895879,0.9755542321083319,5.292306183827706,3.462008566168975,22.28136858205681,4.265009959794784,0.8994601551032182,237,237000,FCz
A09T,15,"Fz,FC3,FC1,FC2,FC4,C3,C1,Cz,C2,C4,CP3,CP1,CP2,CP4,Pz",7,spherical_spline,6.808033094917355,5.425866235000121,0.8824042809267243,0.55416920268355,5.292306183827706,3.462008566168975,22.28136858205681,4.265009959794784,0.8994601551032182,237,237000,C5
A09T,15,"Fz,FC3,FC1,FC2,FC4,C3,C1,Cz,C2,C4,CP3,CP1,CP2,CP4,Pz",7,spherical_spline,5.571889150923348,4.418105486174569,0.9336620947127652,0.8061168227053861,5.292306183827706,3.462008566168975,22.28136858205681,4.265009959794784,0.8994601551032182,237,237000,C6
A09T,15,"Fz,FC3,FC1,FC2,FC4,C3,C1,Cz,C2,C4,CP3,CP1,CP2,CP4,Pz",7,spherical_spline,1.8448384623254264,1.477377788572273,0.991474274199899,0.9828859957524625,5.292306183827706,3.462008566168975,22.28136858205681,4.265009959794784,0.8994601551032182,237,237000,CPz
A09T,15,"Fz,FC3,FC1,FC2,FC4,C3,C1,Cz,C2,C4,CP3,CP1,CP2,CP4,Pz",7,spherical_spline,2.5527614747907412,2.0218795299639556,0.9854468334960151,0.969960126185842,5.292306183827706,3.462008566168975,22.28136858205681,4.265009959794784,0.8994601551032182,237,237000,P1
A09T,15,"Fz,FC3,FC1,FC2,FC4,C3,C1,Cz,C2,C4,CP3,CP1,CP2,CP4,Pz",7,spherical_spline,2.4346098646588983,1.8812207391925166,0.9875138751778912,0.9749089635903109,5.292306183827706,3.462008566168975,22.28136858205681,4.265009959794784,0.8994601551032182,237,237000,P2
A09T,15,"Fz,FC3,FC1,FC2,FC4,C3,C1,Cz,C2,C4,CP3,CP1,CP2,CP4,Pz",7,spherical_spline,5.241337068988686,4.096588295776569,0.951727178343982,0.9031563565537608,5.292306183827706,3.462008566168975,22.28136858205681,4.265009959794784,0.8994601551032182,237,237000,POz
