Condition,Trial,Channel,Pearson_r,MSE
Baseline (in_silence),trial_01,F7,-0.26602405602229184,2.480400346154087e-10
Baseline (in_silence),trial_01,F3,-0.04791275511716379,4.898383201663947e-11
Baseline (in_silence),trial_01,F4,-0.134053408160757,1.3365289058901038e-11
Baseline (in_silence),trial_01,F8,-0.2006856366109987,2.830423631426586e-11
Baseline (in_silence),trial_01,T3,-0.17960628724564162,9.341976245447092e-11
Baseline (in_silence),trial_01,T4,-0.4284642049426979,9.36108364596455e-11
Baseline (in_silence),trial_01,T5,-0.6263214370053017,1.366426874106829e-10
Baseline (in_silence),trial_01,T6,-0.0910296058621379,7.087418373340944e-11
Baseline (in_silence),trial_02,F7,-0.5116012753025156,8.260974129492632e-11
Baseline (in_silence),trial_02,F3,0.18586690335809153,1.2327040860971934e-11
Baseline (in_silence),trial_02,F4,-0.05057808070806848,1.0200679771450776e-11
Baseline (in_silence),trial_02,F8,-0.31832520877729675,8.341514798187738e-11
Baseline (in_silence),trial_02,T3,-0.3503180860735777,9.16036764003434e-11
Baseline (in_silence),trial_02,T4,-0.30036909508159376,1.259325492253591e-10
Baseline (in_silence),trial_02,T5,-0.3881980760265945,5.167145210186524e-11
Baseline (in_silence),trial_02,T6,-0.2803013615151717,5.177293735629769e-11
Baseline (in_silence),trial_03,F7,-0.4267097823981046,9.900159349397208e-11
Baseline (in_silence),trial_03,F3,0.1302218868366727,1.2820612908107311e-11
Baseline (in_silence),trial_03,F4,0.1294165937798676,9.99255888661648e-12
Baseline (in_silence),trial_03,F8,-0.37917893719653767,4.4300200196399086e-11
Baseline (in_silence),trial_03,T3,-0.21982999148277177,4.690266169629152e-11
Baseline (in_silence),trial_03,T4,-0.2513956000530243,7.454091097558027e-11
Baseline (in_silence),trial_03,T5,-0.3044783744326781,3.1533397987991215e-11
Baseline (in_silence),trial_03,T6,-0.19256490761479653,5.030747066323476e-11
Baseline (in_silence),trial_04,F7,-0.24884249536069963,4.256751277158541e-11
Baseline (in_silence),trial_04,F3,-0.29058980571621407,1.7715787703796807e-11
Baseline (in_silence),trial_04,F4,-0.08776713065062634,1.1677972398517296e-11
Baseline (in_silence),trial_04,F8,-0.3402583759565549,3.13210889340539e-11
Baseline (in_silence),trial_04,T3,-0.32638750123326965,5.28664526983338e-11
Baseline (in_silence),trial_04,T4,-0.22638499278089227,6.713506533674098e-11
Baseline (in_silence),trial_04,T5,-0.2986353008548554,3.8844942651336336e-11
Baseline (in_silence),trial_04,T6,-0.35330350727310966,8.543992855774606e-11
Baseline (in_silence),trial_05,F7,-0.36672284596372406,6.082627872598638e-11
Baseline (in_silence),trial_05,F3,0.0012313160361706352,1.0420981669070367e-11
Baseline (in_silence),trial_05,F4,-0.19093512585854225,1.273327338655677e-11
Baseline (in_silence),trial_05,F8,-0.05371082979655248,3.254731060725646e-11
Baseline (in_silence),trial_05,T3,-0.10623852384803993,3.08045436505235e-11
Baseline (in_silence),trial_05,T4,-0.5035528689656208,1.452734329977879e-10
Baseline (in_silence),trial_05,T5,-0.4525271162453763,4.4056010140403296e-11
Baseline (in_silence),trial_05,T6,-0.153357080225703,6.752044065011371e-11
Baseline (in_silence),trial_06,F7,-0.32356835300161474,3.3121565966889896e-11
Baseline (in_silence),trial_06,F3,-0.06528753022644224,8.529974659361801e-12
Baseline (in_silence),trial_06,F4,-0.09406856763467773,8.277983701666121e-12
Baseline (in_silence),trial_06,F8,-0.2942059602430189,9.97879849523815e-12
Baseline (in_silence),trial_06,T3,-0.058672969000006465,1.5044846341353948e-11
Baseline (in_silence),trial_06,T4,-0.24123936360092893,1.2042914716749597e-11
Baseline (in_silence),trial_06,T5,-0.05569740838461372,1.2411042562210733e-11
Baseline (in_silence),trial_06,T6,0.029285033181963904,2.4782607970003455e-11
Baseline (in_silence),trial_07,F7,-0.18618710765643096,1.3273098697150741e-11
Baseline (in_silence),trial_07,F3,-0.17834433403114625,8.590691985592527e-12
Baseline (in_silence),trial_07,F4,-0.10412373684843278,9.75302586853586e-12
Baseline (in_silence),trial_07,F8,-0.023030347125139423,1.745737150009278e-11
Baseline (in_silence),trial_07,T3,-0.07752997223249239,1.1519646840601576e-11
Baseline (in_silence),trial_07,T4,-0.49793389449382786,6.445486687608032e-11
Baseline (in_silence),trial_07,T5,0.06046208917698482,1.0466630836423576e-11
Baseline (in_silence),trial_07,T6,-0.30019361806520645,5.516101773296055e-11
Baseline (in_silence),trial_08,F7,-0.16727730116240067,1.3389660763307667e-11
Baseline (in_silence),trial_08,F3,-0.14858328499418574,7.135428642611752e-12
Baseline (in_silence),trial_08,F4,-0.1321621228032229,1.0022445721081361e-11
Baseline (in_silence),trial_08,F8,-0.26255583866139265,1.0287915532923381e-11
Baseline (in_silence),trial_08,T3,-0.10546770253976857,1.0554917922869417e-11
Baseline (in_silence),trial_08,T4,-0.28412048134322454,1.1203453043967135e-11
Baseline (in_silence),trial_08,T5,-0.07705371465763819,1.3025454294663692e-11
Baseline (in_silence),trial_08,T6,-0.12491359343675755,3.8024577524810123e-11
Baseline (in_silence),trial_09,F7,-0.14227729109655232,2.6781808059349666e-11
Baseline (in_silence),trial_09,F3,-0.3439744096330627,1.8763778520514656e-11
Baseline (in_silence),trial_09,F4,-0.04279340460664886,1.2774990987272379e-11
Baseline (in_silence),trial_09,F8,-0.2892857292926744,4.3527739670048366e-11
Baseline (in_silence),trial_09,T3,-0.21567341576185534,5.737903676885566e-11
Baseline (in_silence),trial_09,T4,-0.20947525816000903,5.860624430642705e-11
Baseline (in_silence),trial_09,T5,-0.12438414060630677,4.108059575261909e-11
Baseline (in_silence),trial_09,T6,0.0999584764482864,4.2826311337947986e-11
Baseline (in_silence),trial_10,F7,-0.13254460195917717,3.053970647658842e-11
Baseline (in_silence),trial_10,F3,-0.10770753568892383,1.0855870726667315e-11
Baseline (in_silence),trial_10,F4,-0.12865564819833242,1.192189650267445e-11
Baseline (in_silence),trial_10,F8,-0.227128579012585,1.537831265313685e-11
Baseline (in_silence),trial_10,T3,-0.25945620961843735,2.500746565254843e-11
Baseline (in_silence),trial_10,T4,-0.2781361540569164,1.1762045399298475e-11
Baseline (in_silence),trial_10,T5,-0.132506635643846,2.294234061609449e-11
Baseline (in_silence),trial_10,T6,0.07763952911613684,3.019592628215963e-11
Baseline (in_silence),trial_11,F7,0.03845621195291456,3.60271334658456e-11
Baseline (in_silence),trial_11,F3,-0.29361198571414926,1.288440311938148e-11
Baseline (in_silence),trial_11,F4,-0.2018489080101546,1.3375326983270804e-11
Baseline (in_silence),trial_11,F8,-0.04915897817388559,4.833247094935489e-11
Baseline (in_silence),trial_11,T3,-0.39977725618998816,9.973702804136598e-11
Baseline (in_silence),trial_11,T4,-0.3975874834590166,4.237987678757062e-11
Baseline (in_silence),trial_11,T5,-0.19597392370363717,3.079682536643253e-11
Baseline (in_silence),trial_11,T6,-0.17722022122405257,3.703899464532523e-11
Baseline (in_silence),trial_12,F7,-0.23840548732082367,1.7887894280017102e-11
Baseline (in_silence),trial_12,F3,-0.025203700703129335,6.520424767642718e-12
Baseline (in_silence),trial_12,F4,-0.11256373650575337,1.020631839201281e-11
Baseline (in_silence),trial_12,F8,-0.1959729620956442,1.4913231164650728e-11
Baseline (in_silence),trial_12,T3,-0.15870670823298738,9.90492488588143e-12
Baseline (in_silence),trial_12,T4,-0.27269293301217495,1.8406800063519696e-11
Baseline (in_silence),trial_12,T5,-0.027458515641233337,1.090254785448176e-11
Baseline (in_silence),trial_12,T6,0.03531706373878183,2.4657272306722824e-11
Baseline (in_silence),trial_13,F7,-0.3696091708191818,3.8828967605086736e-11
Baseline (in_silence),trial_13,F3,0.011480024101808683,9.341083951938812e-12
Baseline (in_silence),trial_13,F4,-0.06987009477747576,1.5096409076929302e-11
Baseline (in_silence),trial_13,F8,-0.2885678367963571,7.413406399906149e-11
Baseline (in_silence),trial_13,T3,-0.28159741371230645,2.5537937644669057e-11
Baseline (in_silence),trial_13,T4,-0.4290858197648359,9.602564236706515e-11
Baseline (in_silence),trial_13,T5,-0.099594061463436,1.8152786959362135e-11
Baseline (in_silence),trial_13,T6,0.06596410450674622,4.129625601829211e-11
Baseline (in_silence),trial_14,F7,-0.20181363332420654,1.455196540537999e-11
Baseline (in_silence),trial_14,F3,-0.0895882139439497,8.136343444135924e-12
Baseline (in_silence),trial_14,F4,-0.17069151185806744,9.509513164489222e-12
Baseline (in_silence),trial_14,F8,-0.1874765310226041,1.2282619248865638e-11
Baseline (in_silence),trial_14,T3,-0.19799437582152976,1.299855776312869e-11
Baseline (in_silence),trial_14,T4,-0.11978773738394084,9.383537278155028e-12
Baseline (in_silence),trial_14,T5,0.04537018943301456,1.3361822430945983e-11
Baseline (in_silence),trial_14,T6,-0.04102984262637751,1.9395705985159448e-11
Baseline (in_silence),trial_15,F7,-0.22623564544754213,1.4615193907182294e-11
Baseline (in_silence),trial_15,F3,-0.0892250844908531,6.522309468301406e-12
Baseline (in_silence),trial_15,F4,-0.12742558081022906,7.656945656044584e-12
Baseline (in_silence),trial_15,F8,-0.298640753294273,1.3910605900543334e-11
Baseline (in_silence),trial_15,T3,-0.1549183736219307,1.2584789985208679e-11
Baseline (in_silence),trial_15,T4,-0.1963363893037256,1.366599570331071e-11
Baseline (in_silence),trial_15,T5,-0.07519670163114846,1.2787015616775678e-11
Baseline (in_silence),trial_15,T6,-0.18446073542768024,3.075493780227672e-11
Baseline (in_silence),trial_16,F7,0.02276266174083083,2.8690232654814828e-11
Baseline (in_silence),trial_16,F3,-0.010917416675384008,8.70683159939484e-12
Baseline (in_silence),trial_16,F4,-0.14849009311835984,1.4138616486535542e-11
Baseline (in_silence),trial_16,F8,-0.07784412708805852,4.2741124734525484e-11
Baseline (in_silence),trial_16,T3,-0.40231644898446867,1.0125259429058773e-10
Baseline (in_silence),trial_16,T4,-0.3247626456265704,4.522391660121715e-11
Baseline (in_silence),trial_16,T5,-0.19066537526649477,2.9236464905695363e-11
Baseline (in_silence),trial_16,T6,-0.13625538325793832,3.01274173374704e-11
Baseline (in_silence),trial_17,F7,-0.19833754407245718,1.9988247751314182e-11
Baseline (in_silence),trial_17,F3,-0.22599205642404707,1.0702044545345035e-11
Baseline (in_silence),trial_17,F4,-0.39108466585734236,2.6686567582320626e-11
Baseline (in_silence),trial_17,F8,-0.0005178223233038056,3.2803823205114105e-11
Baseline (in_silence),trial_17,T3,-0.33527227660033526,3.0631634892539566e-11
Baseline (in_silence),trial_17,T4,-0.44474612336279623,7.007871440097937e-11
Baseline (in_silence),trial_17,T5,-0.32668514840871643,2.4852528456265122e-11
Baseline (in_silence),trial_17,T6,-0.1453290520092167,4.2294714720031446e-11
Baseline (in_silence),trial_18,F7,-0.1834334533405188,1.3518490350759812e-11
Baseline (in_silence),trial_18,F3,0.017067427231725364,6.834870925161868e-12
Baseline (in_silence),trial_18,F4,-0.04661379279278003,9.910806308249049e-12
Baseline (in_silence),trial_18,F8,-0.17087707439930583,1.4907434964534585e-11
Baseline (in_silence),trial_18,T3,-0.14553717904107363,1.393631637841798e-11
Baseline (in_silence),trial_18,T4,-0.23716546760768223,1.352048804289911e-11
Baseline (in_silence),trial_18,T5,0.12921682072569524,1.3525552371336832e-11
Baseline (in_silence),trial_18,T6,-0.014551581994348518,1.7968211104498113e-11
Baseline (in_silence),trial_19,F7,-0.40114879023153194,9.937121909684985e-10
Baseline (in_silence),trial_19,F3,0.19324828552654189,6.99741940792709e-11
Baseline (in_silence),trial_19,F4,0.014864969871047268,1.6193709381474573e-11
Baseline (in_silence),trial_19,F8,-0.37529336775642413,6.568065959738164e-11
Baseline (in_silence),trial_19,T3,-0.1232421766239391,1.3132893198116647e-10
Baseline (in_silence),trial_19,T4,-0.32986543922658035,5.259233721029762e-11
Baseline (in_silence),trial_19,T5,-0.26636556891860674,2.8003997007947187e-11
Baseline (in_silence),trial_19,T6,-0.14257542371299958,5.408216432383607e-11
Baseline (in_silence),trial_20,F7,-0.40774009480052187,3.804677078850884e-11
Baseline (in_silence),trial_20,F3,0.028690803203209662,7.691630051494213e-12
Baseline (in_silence),trial_20,F4,-0.24000186605766818,1.0021007956027106e-11
Baseline (in_silence),trial_20,F8,-0.2526919061079935,1.198271135775882e-11
Baseline (in_silence),trial_20,T3,-0.09355696421522301,1.4181630902033883e-11
Baseline (in_silence),trial_20,T4,-0.2556023309639089,1.0799763351666496e-11
Baseline (in_silence),trial_20,T5,-0.052287369853570576,7.471274454475501e-12
Baseline (in_silence),trial_20,T6,-0.20366081138108313,1.310913462164204e-11
Baseline (with_audio_and_visual_stimulus),trial_01,F7,-0.2451044665245528,3.273258286103854e-11
Baseline (with_audio_and_visual_stimulus),trial_01,F3,-0.24191360449978738,1.3795940349477392e-11
Baseline (with_audio_and_visual_stimulus),trial_01,F4,-0.31880620333095133,1.8428335347147356e-11
Baseline (with_audio_and_visual_stimulus),trial_01,F8,-0.43914643255336233,3.268507997290968e-11
Baseline (with_audio_and_visual_stimulus),trial_01,T3,-0.11328343184473452,1.340376343486689e-11
Baseline (with_audio_and_visual_stimulus),trial_01,T4,-0.21243039729714946,1.3905230798154714e-11
Baseline (with_audio_and_visual_stimulus),trial_01,T5,0.03062083578080783,9.786498491669996e-12
Baseline (with_audio_and_visual_stimulus),trial_01,T6,-0.2586222381935962,2.0412687611195723e-11
Baseline (with_audio_and_visual_stimulus),trial_02,F7,-0.2224739268696293,2.66389781371617e-11
Baseline (with_audio_and_visual_stimulus),trial_02,F3,-0.14365591186409035,1.1149302935109267e-11
Baseline (with_audio_and_visual_stimulus),trial_02,F4,-0.1735496637168985,1.5736111122252955e-11
Baseline (with_audio_and_visual_stimulus),trial_02,F8,-0.34453065470084465,3.374515363409353e-11
Baseline (with_audio_and_visual_stimulus),trial_02,T3,-0.16098055253758942,1.3212799221391785e-11
Baseline (with_audio_and_visual_stimulus),trial_02,T4,-0.19985111163503255,9.92412014571904e-12
Baseline (with_audio_and_visual_stimulus),trial_02,T5,-0.14647226176936423,9.62491530787926e-12
Baseline (with_audio_and_visual_stimulus),trial_02,T6,-0.19959548375934166,1.566356407405052e-11
Baseline (with_audio_and_visual_stimulus),trial_03,F7,-0.1324779290782768,3.159450702711125e-11
Baseline (with_audio_and_visual_stimulus),trial_03,F3,-0.11550177091353364,1.447695234344459e-11
Baseline (with_audio_and_visual_stimulus),trial_03,F4,-0.16121775311964753,2.156697298686779e-11
Baseline (with_audio_and_visual_stimulus),trial_03,F8,-0.30457170871020756,4.612614414371115e-11
Baseline (with_audio_and_visual_stimulus),trial_03,T3,-0.16401051476664588,1.6118281817526705e-11
Baseline (with_audio_and_visual_stimulus),trial_03,T4,-0.11335907972844776,1.4543438727032017e-11
Baseline (with_audio_and_visual_stimulus),trial_03,T5,-0.15731964820301464,1.2874617376325612e-11
Baseline (with_audio_and_visual_stimulus),trial_03,T6,-0.20984098348798033,1.560901681739315e-11
Baseline (with_audio_and_visual_stimulus),trial_04,F7,-0.2088397348541379,3.0875150763822015e-11
Baseline (with_audio_and_visual_stimulus),trial_04,F3,-0.18528930642469987,1.6892991197555947e-11
Baseline (with_audio_and_visual_stimulus),trial_04,F4,-0.22465817304662436,2.8353602334352875e-11
Baseline (with_audio_and_visual_stimulus),trial_04,F8,-0.272182065576285,2.476660134948031e-11
Baseline (with_audio_and_visual_stimulus),trial_04,T3,-0.1528566469107638,1.9382198947575162e-11
Baseline (with_audio_and_visual_stimulus),trial_04,T4,-0.08901156610001783,1.4325322755797735e-11
Baseline (with_audio_and_visual_stimulus),trial_04,T5,-0.08064222521286481,1.4322883768933679e-11
Baseline (with_audio_and_visual_stimulus),trial_04,T6,-0.1986012404179816,1.7773262191381935e-11
Baseline (with_audio_and_visual_stimulus),trial_05,F7,-0.3630050454397237,3.6795469882467155e-11
Baseline (with_audio_and_visual_stimulus),trial_05,F3,-0.07890017705025434,1.1130052541228644e-11
Baseline (with_audio_and_visual_stimulus),trial_05,F4,-0.2265878267831404,1.764674828385264e-11
Baseline (with_audio_and_visual_stimulus),trial_05,F8,-0.3059996039364244,2.9445332547167715e-11
Baseline (with_audio_and_visual_stimulus),trial_05,T3,-0.15818834749231278,1.587251486431423e-11
Baseline (with_audio_and_visual_stimulus),trial_05,T4,-0.15476212006345416,1.0795474747315457e-11
Baseline (with_audio_and_visual_stimulus),trial_05,T5,-0.03792115313393437,1.0370194535811477e-11
Baseline (with_audio_and_visual_stimulus),trial_05,T6,-0.21506593985273978,1.5202327789164644e-11
Baseline (with_audio_and_visual_stimulus),trial_06,F7,-0.3812671126356473,6.037006133985106e-11
Baseline (with_audio_and_visual_stimulus),trial_06,F3,-0.022863882272668567,1.432462551510929e-11
Baseline (with_audio_and_visual_stimulus),trial_06,F4,-0.254067753838507,1.9684003581771496e-11
Baseline (with_audio_and_visual_stimulus),trial_06,F8,-0.4174463499536324,4.187566356788412e-11
Baseline (with_audio_and_visual_stimulus),trial_06,T3,-0.11219050405268381,1.689593840006816e-11
Baseline (with_audio_and_visual_stimulus),trial_06,T4,-0.13482610250221974,1.2965352778937276e-11
Baseline (with_audio_and_visual_stimulus),trial_06,T5,-0.17405612586932612,1.2093066682714838e-11
Baseline (with_audio_and_visual_stimulus),trial_06,T6,-0.2446409659245267,1.60456695376724e-11
Baseline (with_audio_and_visual_stimulus),trial_07,F7,-0.2498509417538835,3.2227900314656045e-11
Baseline (with_audio_and_visual_stimulus),trial_07,F3,-0.03315258213133148,1.4856979601094966e-11
Baseline (with_audio_and_visual_stimulus),trial_07,F4,-0.24688013809817994,2.5141112726854053e-11
Baseline (with_audio_and_visual_stimulus),trial_07,F8,-0.3616701394172517,2.972155660160158e-11
Baseline (with_audio_and_visual_stimulus),trial_07,T3,-0.12120319922787955,1.620385456810708e-11
Baseline (with_audio_and_visual_stimulus),trial_07,T4,-0.1610830677771443,1.3510269540594442e-11
Baseline (with_audio_and_visual_stimulus),trial_07,T5,-0.19142747606296942,1.2261532801136516e-11
Baseline (with_audio_and_visual_stimulus),trial_07,T6,-0.18350269525762544,1.6449244449332705e-11
Baseline (with_audio_and_visual_stimulus),trial_08,F7,-0.12191644617861487,4.13443811361433e-11
Baseline (with_audio_and_visual_stimulus),trial_08,F3,-0.104072465029885,1.7688126960393145e-11
Baseline (with_audio_and_visual_stimulus),trial_08,F4,-0.12475808888117,2.8019382330065323e-11
Baseline (with_audio_and_visual_stimulus),trial_08,F8,-0.26341031184153935,7.924867849241598e-11
Baseline (with_audio_and_visual_stimulus),trial_08,T3,-0.1481143203735887,2.091906228395597e-11
Baseline (with_audio_and_visual_stimulus),trial_08,T4,-0.09543975424981849,2.2784982245546317e-11
Baseline (with_audio_and_visual_stimulus),trial_08,T5,-0.1595551910358762,1.54361038744925e-11
Baseline (with_audio_and_visual_stimulus),trial_08,T6,-0.2353832437574913,2.294513340433771e-11
Baseline (with_audio_and_visual_stimulus),trial_09,F7,-0.30890585490820593,2.9922502664223675e-11
Baseline (with_audio_and_visual_stimulus),trial_09,F3,-0.005033949234527348,1.6709484537538454e-11
Baseline (with_audio_and_visual_stimulus),trial_09,F4,-0.15022857559904587,2.5299211611246363e-11
Baseline (with_audio_and_visual_stimulus),trial_09,F8,-0.40597661511638883,2.987512111438334e-11
Baseline (with_audio_and_visual_stimulus),trial_09,T3,-0.08181139478276464,1.9902997962092276e-11
Baseline (with_audio_and_visual_stimulus),trial_09,T4,-0.21790848244442618,1.5636594691958085e-11
Baseline (with_audio_and_visual_stimulus),trial_09,T5,-0.11631130831616869,1.3964090676218118e-11
Baseline (with_audio_and_visual_stimulus),trial_09,T6,-0.19539781138569945,1.636071276448646e-11
Baseline (with_audio_and_visual_stimulus),trial_10,F7,-0.3300009309399438,3.933718673199577e-11
Baseline (with_audio_and_visual_stimulus),trial_10,F3,-0.10938142281093861,1.1457002830490188e-11
Baseline (with_audio_and_visual_stimulus),trial_10,F4,-0.21425912343979348,2.2764279158320572e-11
Baseline (with_audio_and_visual_stimulus),trial_10,F8,-0.1400859718714877,2.2682830322598447e-11
Baseline (with_audio_and_visual_stimulus),trial_10,T3,-0.12565071487326063,1.594754220516177e-11
Baseline (with_audio_and_visual_stimulus),trial_10,T4,-0.20418467823968828,1.158582148763121e-11
Baseline (with_audio_and_visual_stimulus),trial_10,T5,-0.2347144407694405,1.3549025374976981e-11
Baseline (with_audio_and_visual_stimulus),trial_10,T6,-0.2364333113987323,1.6449204362449446e-11
Baseline (with_audio_and_visual_stimulus),trial_11,F7,-0.3148884044080101,8.31077915914253e-11
Baseline (with_audio_and_visual_stimulus),trial_11,F3,-0.016950864829441355,1.6816125078163332e-11
Baseline (with_audio_and_visual_stimulus),trial_11,F4,-0.19270019757890391,2.1954917749749703e-11
Baseline (with_audio_and_visual_stimulus),trial_11,F8,-0.3418878866854855,5.740713294566428e-11
Baseline (with_audio_and_visual_stimulus),trial_11,T3,-0.16571321224915272,2.060160804896705e-11
Baseline (with_audio_and_visual_stimulus),trial_11,T4,-0.09064925196400068,1.3352341847896291e-11
Baseline (with_audio_and_visual_stimulus),trial_11,T5,-0.15748230510451203,1.282309181565258e-11
Baseline (with_audio_and_visual_stimulus),trial_11,T6,-0.22720698011981838,1.5712514165731972e-11
Baseline (with_audio_and_visual_stimulus),trial_12,F7,-0.35814207589708663,4.430929814523059e-11
Baseline (with_audio_and_visual_stimulus),trial_12,F3,0.035857815663040665,1.4449220565346614e-11
Baseline (with_audio_and_visual_stimulus),trial_12,F4,-0.19710921830246939,2.7040150473569076e-11
Baseline (with_audio_and_visual_stimulus),trial_12,F8,-0.27786102413083585,3.9370013132588544e-11
Baseline (with_audio_and_visual_stimulus),trial_12,T3,-0.06128057098970085,2.3068618076118308e-11
Baseline (with_audio_and_visual_stimulus),trial_12,T4,-0.10208712634070216,1.740115117298647e-11
Baseline (with_audio_and_visual_stimulus),trial_12,T5,-0.12886461413390624,1.1937716605147942e-11
Baseline (with_audio_and_visual_stimulus),trial_12,T6,-0.1619303077170044,1.274242990304737e-11
Baseline (with_audio_and_visual_stimulus),trial_13,F7,-0.32594086781436005,7.006924958738695e-11
Baseline (with_audio_and_visual_stimulus),trial_13,F3,-0.05743087215847205,1.2241750892133776e-11
Baseline (with_audio_and_visual_stimulus),trial_13,F4,-0.12096840020293925,1.5402082836055346e-11
Baseline (with_audio_and_visual_stimulus),trial_13,F8,-0.3065584763856819,7.329038538234362e-11
Baseline (with_audio_and_visual_stimulus),trial_13,T3,-0.2049080040548029,1.5277244776533998e-11
Baseline (with_audio_and_visual_stimulus),trial_13,T4,-0.09989675607512316,1.372800453876641e-11
Baseline (with_audio_and_visual_stimulus),trial_13,T5,-0.19563528865711935,1.1989496505167826e-11
Baseline (with_audio_and_visual_stimulus),trial_13,T6,-0.1725176333754427,1.4827956353178577e-11
Baseline (with_audio_and_visual_stimulus),trial_14,F7,-0.1793482508708673,1.5943648720172988e-11
Baseline (with_audio_and_visual_stimulus),trial_14,F3,-0.12292566160174744,1.2150743939701947e-11
Baseline (with_audio_and_visual_stimulus),trial_14,F4,-0.06125820697058507,1.7180665571503863e-11
Baseline (with_audio_and_visual_stimulus),trial_14,F8,-0.4347060418012478,5.595435043322596e-11
Baseline (with_audio_and_visual_stimulus),trial_14,T3,-0.2234287518820302,1.6516015950291042e-11
Baseline (with_audio_and_visual_stimulus),trial_14,T4,-0.05011324698471725,1.4606517779287596e-11
Baseline (with_audio_and_visual_stimulus),trial_14,T5,-0.2716402524361156,1.2828978230065106e-11
Baseline (with_audio_and_visual_stimulus),trial_14,T6,-0.25276481152263647,1.374153588753333e-11
Baseline (with_audio_and_visual_stimulus),trial_15,F7,-0.1517375038240444,1.705574542904543e-11
Baseline (with_audio_and_visual_stimulus),trial_15,F3,-0.1362551128472139,1.495078946733217e-11
Baseline (with_audio_and_visual_stimulus),trial_15,F4,-0.15120285419071927,2.586691173663344e-11
Baseline (with_audio_and_visual_stimulus),trial_15,F8,-0.34769231468920203,4.3120765911080764e-11
Baseline (with_audio_and_visual_stimulus),trial_15,T3,-0.09811329800982328,1.784984764703486e-11
Baseline (with_audio_and_visual_stimulus),trial_15,T4,-0.1168516360404187,1.6259817294282513e-11
Baseline (with_audio_and_visual_stimulus),trial_15,T5,-0.19951495806764988,1.297223871887492e-11
Baseline (with_audio_and_visual_stimulus),trial_15,T6,-0.3129867931938541,1.5152824772628273e-11
Baseline (with_audio_and_visual_stimulus),trial_16,F7,-0.1557981660260763,3.1563189713065765e-11
Baseline (with_audio_and_visual_stimulus),trial_16,F3,-0.14365570163505736,1.3356998152654413e-11
Baseline (with_audio_and_visual_stimulus),trial_16,F4,-0.1988675680360818,2.301601759663924e-11
Baseline (with_audio_and_visual_stimulus),trial_16,F8,-0.34241383247446366,3.2420103545825923e-11
Baseline (with_audio_and_visual_stimulus),trial_16,T3,-0.0643651842380773,1.53633969963053e-11
Baseline (with_audio_and_visual_stimulus),trial_16,T4,-0.1289549450995406,1.160041333475168e-11
Baseline (with_audio_and_visual_stimulus),trial_16,T5,-0.2015770019811167,1.3455318173250066e-11
Baseline (with_audio_and_visual_stimulus),trial_16,T6,-0.2816615130232861,1.5951244268309122e-11
Baseline (with_audio_and_visual_stimulus),trial_17,F7,-0.26982262532491497,4.399331237377597e-11
Baseline (with_audio_and_visual_stimulus),trial_17,F3,-0.10297473210563604,1.5239130544988728e-11
Baseline (with_audio_and_visual_stimulus),trial_17,F4,-0.17988138544046084,2.240065241333556e-11
Baseline (with_audio_and_visual_stimulus),trial_17,F8,-0.3834489017082348,7.271054835042462e-11
Baseline (with_audio_and_visual_stimulus),trial_17,T3,-0.185421832766888,2.0907605051029295e-11
Baseline (with_audio_and_visual_stimulus),trial_17,T4,-0.008505968824494656,1.72451087808627e-11
Baseline (with_audio_and_visual_stimulus),trial_17,T5,-0.1501250287843586,1.4217374019575963e-11
Baseline (with_audio_and_visual_stimulus),trial_17,T6,-0.18918852496989977,1.7150112011888363e-11
Baseline (with_audio_and_visual_stimulus),trial_18,F7,-0.3749406415312028,6.080946827004995e-11
Baseline (with_audio_and_visual_stimulus),trial_18,F3,-0.09251493960846505,1.6887598392566718e-11
Baseline (with_audio_and_visual_stimulus),trial_18,F4,-0.17316140649930267,2.8372757625281716e-11
Baseline (with_audio_and_visual_stimulus),trial_18,F8,-0.3011507399404654,5.240669804379793e-11
Baseline (with_audio_and_visual_stimulus),trial_18,T3,-0.06035349334772326,2.0090468702601277e-11
Baseline (with_audio_and_visual_stimulus),trial_18,T4,-0.11891816848615043,1.444849596596769e-11
Baseline (with_audio_and_visual_stimulus),trial_18,T5,-0.2177410687926348,1.5806337884321684e-11
Baseline (with_audio_and_visual_stimulus),trial_18,T6,-0.2291091240068199,1.5053930141842834e-11
Baseline (with_audio_and_visual_stimulus),trial_19,F7,-0.32688881849951623,5.660049981260758e-11
Baseline (with_audio_and_visual_stimulus),trial_19,F3,-0.10864387124948748,1.9151392906453252e-11
Baseline (with_audio_and_visual_stimulus),trial_19,F4,-0.18527348095989882,2.878797335888143e-11
Baseline (with_audio_and_visual_stimulus),trial_19,F8,-0.3217989422787147,5.531555024506434e-11
Baseline (with_audio_and_visual_stimulus),trial_19,T3,-0.03055819698551917,2.0467547829086667e-11
Baseline (with_audio_and_visual_stimulus),trial_19,T4,-0.14598002598248558,1.557907550049527e-11
Baseline (with_audio_and_visual_stimulus),trial_19,T5,-0.15382705663815202,1.4056363150014836e-11
Baseline (with_audio_and_visual_stimulus),trial_19,T6,-0.29627675370897844,1.6377871998915966e-11
Baseline (with_audio_and_visual_stimulus),trial_20,F7,-0.26371529979244535,5.284966620533412e-11
Baseline (with_audio_and_visual_stimulus),trial_20,F3,-0.12965719091739403,1.6902450573261985e-11
Baseline (with_audio_and_visual_stimulus),trial_20,F4,-0.07367476016751064,3.10465572500931e-11
Baseline (with_audio_and_visual_stimulus),trial_20,F8,-0.3657164927575674,1.7292779005579377e-10
Baseline (with_audio_and_visual_stimulus),trial_20,T3,-0.13363945248933864,1.965484533405674e-11
Baseline (with_audio_and_visual_stimulus),trial_20,T4,-0.0029911170414961556,2.8779833712516846e-11
Baseline (with_audio_and_visual_stimulus),trial_20,T5,-0.24597593941896198,1.4895310727809436e-11
Baseline (with_audio_and_visual_stimulus),trial_20,T6,-0.1948569841743839,1.6952542902434242e-11
Baseline (with_music),trial_01,F7,-0.19284135551484047,2.4532084145872896e-11
Baseline (with_music),trial_01,F3,-0.03681011319640523,8.685726081021413e-12
Baseline (with_music),trial_01,F4,0.011729676142364717,9.415560374262712e-12
Baseline (with_music),trial_01,F8,-0.25730821089257516,1.6489314096349908e-11
Baseline (with_music),trial_01,T3,-0.138422192577,1.3074299586127325e-11
Baseline (with_music),trial_01,T4,-0.10074397993155806,1.3387417747926805e-11
Baseline (with_music),trial_01,T5,-0.2007651236479017,2.241538546406318e-11
Baseline (with_music),trial_01,T6,-0.28725875278076146,2.7734570297735537e-11
Baseline (with_music),trial_02,F7,-0.31148717380289587,2.4772801472943252e-11
Baseline (with_music),trial_02,F3,-0.022653462962324584,8.75020273443157e-12
Baseline (with_music),trial_02,F4,-0.021081552300312393,1.0797068380190533e-11
Baseline (with_music),trial_02,F8,-0.40927082107828805,1.9953982057884174e-11
Baseline (with_music),trial_02,T3,-0.07152907755380206,1.1882744812744131e-11
Baseline (with_music),trial_02,T4,-0.07626830444280457,9.987433058849484e-12
Baseline (with_music),trial_02,T5,-0.12722905157335498,2.5296466385283802e-11
Baseline (with_music),trial_02,T6,-0.34742702819335064,3.6073596781910956e-11
Baseline (with_music),trial_03,F7,-0.31783121060406005,4.211662830472249e-11
Baseline (with_music),trial_03,F3,0.005972066422273828,1.1222194489767426e-11
Baseline (with_music),trial_03,F4,-0.005507100677580802,1.1658140553354428e-11
Baseline (with_music),trial_03,F8,-0.24383755712974595,3.823011146554766e-11
Baseline (with_music),trial_03,T3,-0.1025978843702562,2.2357403878611945e-11
Baseline (with_music),trial_03,T4,-0.1364017469700719,1.526312623948388e-11
Baseline (with_music),trial_03,T5,-0.07174468874784644,3.115498911484435e-11
Baseline (with_music),trial_03,T6,-0.1605277687158291,5.2927481730053e-11
Baseline (with_music),trial_04,F7,-0.2349254361302731,1.754064128030179e-11
Baseline (with_music),trial_04,F3,-0.06350862244297717,9.734961396261413e-12
Baseline (with_music),trial_04,F4,0.009529046212553552,9.584065050474911e-12
Baseline (with_music),trial_04,F8,-0.3083579833309311,1.8319474298140254e-11
Baseline (with_music),trial_04,T3,-0.16753350256697935,1.5012343066452747e-11
Baseline (with_music),trial_04,T4,-0.10259712901254221,1.192854525413908e-11
Baseline (with_music),trial_04,T5,-0.12497672110708706,2.9156826360812935e-11
Baseline (with_music),trial_04,T6,-0.08105367067452902,4.591356341007806e-11
Baseline (with_music),trial_05,F7,-0.3267892893708013,2.9667381727043756e-11
Baseline (with_music),trial_05,F3,-0.08309958805124709,1.1069361216379202e-11
Baseline (with_music),trial_05,F4,-0.023405927446086734,9.658519125066652e-12
Baseline (with_music),trial_05,F8,-0.38149128144871347,2.2193656616910474e-11
Baseline (with_music),trial_05,T3,-0.10011025109901905,1.4671562980453942e-11
Baseline (with_music),trial_05,T4,-0.2977881034297601,1.3291668342169448e-11
Baseline (with_music),trial_05,T5,-0.015030715648506637,2.9620374339721093e-11
Baseline (with_music),trial_05,T6,-0.10447804645872616,4.2966502585014814e-11
Baseline (with_music),trial_06,F7,-0.3613278734301071,3.347346831826044e-11
Baseline (with_music),trial_06,F3,0.05878046974847754,9.519360616319714e-12
Baseline (with_music),trial_06,F4,-0.02699711600886658,1.1701268978477227e-11
Baseline (with_music),trial_06,F8,-0.3305624383773775,2.9482293375412596e-11
Baseline (with_music),trial_06,T3,-0.11446390746028538,1.7591023544344003e-11
Baseline (with_music),trial_06,T4,-0.1382850120321673,1.5308337693334094e-11
Baseline (with_music),trial_06,T5,-0.056348437686582695,3.00037744937061e-11
Baseline (with_music),trial_06,T6,-0.010943671420299275,6.475600641251067e-11
Baseline (with_music),trial_07,F7,-0.1770001905148841,2.0423930544516014e-11
Baseline (with_music),trial_07,F3,-0.11548260458590914,1.0161201680147542e-11
Baseline (with_music),trial_07,F4,-0.07708897584277297,1.1608329884990691e-11
Baseline (with_music),trial_07,F8,-0.33771081306268674,2.086750216463487e-11
Baseline (with_music),trial_07,T3,-0.17378476863586706,1.2839615007419586e-11
Baseline (with_music),trial_07,T4,-0.11059830153848779,1.3607891263729262e-11
Baseline (with_music),trial_07,T5,-0.026075340325391598,3.2958691756091576e-11
Baseline (with_music),trial_07,T6,-0.16147168110054988,7.465498516583208e-11
Baseline (with_music),trial_08,F7,-0.3319268639280214,2.278022090901827e-11
Baseline (with_music),trial_08,F3,-0.07491930109942053,9.048385141581247e-12
Baseline (with_music),trial_08,F4,-0.06534168020348868,1.4161620939922649e-11
Baseline (with_music),trial_08,F8,-0.2939871188954657,2.071240060096693e-11
Baseline (with_music),trial_08,T3,-0.14478143782535594,1.4796151525862178e-11
Baseline (with_music),trial_08,T4,-0.16138973743879678,1.3719707201952861e-11
Baseline (with_music),trial_08,T5,-0.15066145698131,3.0669900626810555e-11
Baseline (with_music),trial_08,T6,-0.12325748536263137,8.611835241110467e-11
Baseline (with_music),trial_09,F7,-0.35754564450957577,3.216654504588267e-11
Baseline (with_music),trial_09,F3,-0.012443712549064342,1.0031624133811725e-11
Baseline (with_music),trial_09,F4,-0.015925284934787644,1.1594020525536088e-11
Baseline (with_music),trial_09,F8,-0.24875731570241028,2.2319872060410565e-11
Baseline (with_music),trial_09,T3,-0.16635940101290977,2.065147213457693e-11
Baseline (with_music),trial_09,T4,-0.22791556199632793,2.0395814087373016e-11
Baseline (with_music),trial_09,T5,-0.04347233358530153,2.9321248457080864e-11
Baseline (with_music),trial_09,T6,-0.028657767746706336,4.6663238573085364e-11
Baseline (with_music),trial_10,F7,-0.3707182607752098,4.2487698610423487e-11
Baseline (with_music),trial_10,F3,0.05017153140987868,1.1068132380724738e-11
Baseline (with_music),trial_10,F4,0.011078260717703136,1.1514076683550963e-11
Baseline (with_music),trial_10,F8,-0.34258004026144684,2.920818483274277e-11
Baseline (with_music),trial_10,T3,-0.17117505916322007,1.888763596916413e-11
Baseline (with_music),trial_10,T4,-0.05581808984845878,1.0993397869930426e-11
Baseline (with_music),trial_10,T5,0.05000511444316265,2.504703700668161e-11
Baseline (with_music),trial_10,T6,-0.09272006740016835,4.5985139199045814e-11
Baseline (with_music),trial_11,F7,-0.5548461028648496,6.131820368888937e-11
Baseline (with_music),trial_11,F3,0.18014114597490422,9.853475169854044e-12
Baseline (with_music),trial_11,F4,0.04759838033027233,1.1276439774595694e-11
Baseline (with_music),trial_11,F8,-0.3665398358409046,3.8312201598915216e-11
Baseline (with_music),trial_11,T3,-0.14175108112214613,2.1558323162587564e-11
Baseline (with_music),trial_11,T4,-0.1775599604859129,1.5082547008849625e-11
Baseline (with_music),trial_11,T5,-0.09559923608925418,2.4856946717622137e-11
Baseline (with_music),trial_11,T6,-0.08823550885397884,4.445014005320212e-11
Baseline (with_music),trial_12,F7,-0.2815322031684013,2.2136729706644008e-11
Baseline (with_music),trial_12,F3,-0.06979711577343524,8.716576881224704e-12
Baseline (with_music),trial_12,F4,-0.006511419307654959,9.21166737265328e-12
Baseline (with_music),trial_12,F8,-0.3332279622897528,2.3405158361061503e-11
Baseline (with_music),trial_12,T3,-0.011977908632406477,1.2330802897085459e-11
Baseline (with_music),trial_12,T4,-0.15631727990012986,1.1469783792911396e-11
Baseline (with_music),trial_12,T5,-0.0809106075057136,2.5608416204723912e-11
Baseline (with_music),trial_12,T6,-0.12821500422065896,5.216353251170696e-11
Baseline (with_music),trial_13,F7,-0.6198621246161237,2.1534375318194106e-10
Baseline (with_music),trial_13,F3,0.26472680758463313,1.8262567194575274e-11
Baseline (with_music),trial_13,F4,-0.02931586468981964,1.1182162876697104e-11
Baseline (with_music),trial_13,F8,-0.3246579397486734,4.060722030339734e-11
Baseline (with_music),trial_13,T3,0.13573487059834377,2.9874541391474444e-11
Baseline (with_music),trial_13,T4,-0.15431400893557717,1.6621538599012058e-11
Baseline (with_music),trial_13,T5,-0.13369897579206835,2.294545172143889e-11
Baseline (with_music),trial_13,T6,-0.06370102714148883,3.0139238746357995e-11
Baseline (with_music),trial_14,F7,-0.27158356767972947,2.7645548105026872e-11
Baseline (with_music),trial_14,F3,-0.036835868215615374,9.470170376911911e-12
Baseline (with_music),trial_14,F4,0.025023516050471553,1.1845404093493436e-11
Baseline (with_music),trial_14,F8,-0.41134732859813483,2.60328760024109e-11
Baseline (with_music),trial_14,T3,-0.1599017282069797,1.3923959431470041e-11
Baseline (with_music),trial_14,T4,-0.12863879826001776,1.1981697603392881e-11
Baseline (with_music),trial_14,T5,-0.036552609293801275,2.960250662896182e-11
Baseline (with_music),trial_14,T6,-0.012759017014475032,5.379186099241517e-11
Baseline (with_music),trial_15,F7,-0.21240275766838274,2.557417889668601e-11
Baseline (with_music),trial_15,F3,-0.13842985322537443,1.1440619467716585e-11
Baseline (with_music),trial_15,F4,-0.06436370565186239,1.139146405294399e-11
Baseline (with_music),trial_15,F8,-0.29321407736337535,1.9653395440568802e-11
Baseline (with_music),trial_15,T3,-0.003673249675005522,1.758029937085583e-11
Baseline (with_music),trial_15,T4,-0.15815657943724967,1.442995340693236e-11
Baseline (with_music),trial_15,T5,-0.4126812536868719,5.3314361236765934e-11
Baseline (with_music),trial_15,T6,-0.07633339180607375,4.511290117200488e-11
Baseline (with_music),trial_16,F7,-0.278148190459988,2.594243842376029e-11
Baseline (with_music),trial_16,F3,-0.03911390437992009,9.816588921972993e-12
Baseline (with_music),trial_16,F4,-0.08245532310318446,1.23951869687872e-11
Baseline (with_music),trial_16,F8,-0.31285261884296894,2.164930808340241e-11
Baseline (with_music),trial_16,T3,-0.09588713166965956,1.561293171280062e-11
Baseline (with_music),trial_16,T4,-0.16912646206753876,1.3024651634928208e-11
Baseline (with_music),trial_16,T5,-0.05381514066923639,3.3388805670746834e-11
Baseline (with_music),trial_16,T6,-0.07995724700235453,5.4384841560400286e-11
Baseline (with_music),trial_17,F7,-0.20793331720560101,2.0880691196948348e-11
Baseline (with_music),trial_17,F3,-0.061506170080170904,1.0310745855697656e-11
Baseline (with_music),trial_17,F4,0.010426829026718471,1.1665276794172339e-11
Baseline (with_music),trial_17,F8,-0.33009554772155214,2.0693960658805983e-11
Baseline (with_music),trial_17,T3,-0.19502069806067782,1.3949046800815403e-11
Baseline (with_music),trial_17,T4,-0.17944312627062156,1.2382202927914105e-11
Baseline (with_music),trial_17,T5,-0.044586173738134845,3.350240226652956e-11
Baseline (with_music),trial_17,T6,-0.07458701951108646,5.4338112899109e-11
Baseline (with_music),trial_18,F7,-0.2757333445356678,2.2420474429732876e-11
Baseline (with_music),trial_18,F3,-0.022654524085574963,8.660338010062404e-12
Baseline (with_music),trial_18,F4,-0.016953061658826117,9.983227978350189e-12
Baseline (with_music),trial_18,F8,-0.28356968271831395,1.7043535342794634e-11
Baseline (with_music),trial_18,T3,-0.10473095382432362,1.4807203274969094e-11
Baseline (with_music),trial_18,T4,-0.11072163776923163,1.1929288462677595e-11
Baseline (with_music),trial_18,T5,-0.060001523740141186,2.980584243375762e-11
Baseline (with_music),trial_18,T6,-0.005951354080461438,4.191245633677325e-11
Baseline (with_music),trial_19,F7,-0.3131395139489413,2.7704287571053246e-09
Baseline (with_music),trial_19,F3,0.1518121778311002,1.9516305998905028e-10
Baseline (with_music),trial_19,F4,0.17101809788121472,7.803348331637231e-11
Baseline (with_music),trial_19,F8,-0.39350510385646176,9.304716770562584e-10
Baseline (with_music),trial_19,T3,0.008250869786161654,3.248559319373913e-10
Baseline (with_music),trial_19,T4,-0.20290682047178224,1.2186710465851853e-10
Baseline (with_music),trial_19,T5,-0.05644073858543357,3.077788654402842e-11
Baseline (with_music),trial_19,T6,-0.031215595941368322,6.852777416074379e-11
Baseline (with_music),trial_20,F7,-0.2971115460949489,2.3446934986077987e-11
Baseline (with_music),trial_20,F3,-0.09016736871301803,1.0075715924865735e-11
Baseline (with_music),trial_20,F4,-0.11212340993316253,1.1265687779459064e-11
Baseline (with_music),trial_20,F8,-0.27650512845335584,1.8724089345943595e-11
Baseline (with_music),trial_20,T3,-0.037375148553079,1.3441281844843551e-11
Baseline (with_music),trial_20,T4,-0.14526786442204656,1.1732417828972574e-11
Baseline (with_music),trial_20,T5,-0.1683841169527644,1.9782565682918297e-11
Baseline (with_music),trial_20,T6,-0.2394189623162958,3.4703762854818605e-11
