test_subject,n_input_channels,input_channels,n_reconstructed_channels,method,n_test_trials,n_test_samples,model_loaded,rmse,mae,pearson_r,r2,band_rmse_delta,band_rmse_theta,band_rmse_alpha,band_rmse_beta,band_rmse_gamma,channel
A01T,5,"Fz,C3,C4,Pz,POz",17,Learned_BEM_Residual,273,273000,True,2.271522045135498,1.752272605895996,0.9742981791496277,0.9490722614845558,2.7932167437651425,1.80061583714562,1.435253245736857,1.1326567581817961,0.5573580906069786,
A01T,5,"Fz,C3,C4,Pz,POz",17,Learned_BEM_Residual,273,273000,True,2.118204355239868,1.6782112121582031,0.9778198003768921,0.9548180103302002,2.7932167437651425,1.80061583714562,1.435253245736857,1.1326567581817961,0.5573580906069786,FC3
A01T,5,"Fz,C3,C4,Pz,POz",17,Learned_BEM_Residual,273,273000,True,2.2474045753479004,1.7658839225769043,0.9780192375183105,0.9561318159103394,2.7932167437651425,1.80061583714562,1.435253245736857,1.1326567581817961,0.5573580906069786,FC1
A01T,5,"Fz,C3,C4,Pz,POz",17,Learned_BEM_Residual,273,273000,True,2.893643617630005,2.265075206756592,0.9666862487792969,0.9337798953056335,2.7932167437651425,1.80061583714562,1.435253245736857,1.1326567581817961,0.5573580906069786,FCz
A01T,5,"Fz,C3,C4,Pz,POz",17,Learned_BEM_Residual,273,273000,True,2.06680965423584,1.6184382438659668,0.9819790124893188,0.9633662700653076,2.7932167437651425,1.80061583714562,1.435253245736857,1.1326567581817961,0.5573580906069786,FC2
A01T,5,"Fz,C3,C4,Pz,POz",17,Learned_BEM_Residual,273,273000,True,2.2114646434783936,1.7446110248565674,0.9772552251815796,0.9543358087539673,2.7932167437651425,1.80061583714562,1.435253245736857,1.1326567581817961,0.5573580906069786,FC4
A01T,5,"Fz,C3,C4,Pz,POz",17,Learned_BEM_Residual,273,273000,True,3.0174686908721924,2.4052937030792236,0.928780198097229,0.8618488311767578,2.7932167437651425,1.80061583714562,1.435253245736857,1.1326567581817961,0.5573580906069786,C5
A01T,5,"Fz,C3,C4,Pz,POz",17,Learned_BEM_Residual,273,273000,True,2.120011329650879,1.683539628982544,0.9788818359375,0.9576952457427979,2.7932167437651425,1.80061583714562,1.435253245736857,1.1326567581817961,0.5573580906069786,C1
A01T,5,"Fz,C3,C4,Pz,POz",17,Learned_BEM_Residual,273,273000,True,2.8727855682373047,2.2715647220611572,0.9661726355552673,0.9320641160011292,2.7932167437651425,1.80061583714562,1.435253245736857,1.1326567581817961,0.5573580906069786,Cz
A01T,5,"Fz,C3,C4,Pz,POz",17,Learned_BEM_Residual,273,273000,True,2.033115863800049,1.6130858659744263,0.9814735651016235,0.962415874004364,2.7932167437651425,1.80061583714562,1.435253245736857,1.1326567581817961,0.5573580906069786,C2
A01T,5,"Fz,C3,C4,Pz,POz",17,Learned_BEM_Residual,273,273000,True,3.3018009662628174,2.627472162246704,0.9296059012413025,0.8621851801872253,2.7932167437651425,1.80061583714562,1.435253245736857,1.1326567581817961,0.5573580906069786,C6
A01T,5,"Fz,C3,C4,Pz,POz",17,Learned_BEM_Residual,273,273000,True,2.216740369796753,1.7471750974655151,0.9721806049346924,0.9450110197067261,2.7932167437651425,1.80061583714562,1.435253245736857,1.1326567581817961,0.5573580906069786,CP3
A01T,5,"Fz,C3,C4,Pz,POz",17,Learned_BEM_Residual,273,273000,True,1.7570985555648804,1.4070388078689575,0.9843170046806335,0.9685894846916199,2.7932167437651425,1.80061583714562,1.435253245736857,1.1326567581817961,0.5573580906069786,CP1
A01T,5,"Fz,C3,C4,Pz,POz",17,Learned_BEM_Residual,273,273000,True,1.9864981174468994,1.5724618434906006,0.9815036058425903,0.9629464745521545,2.7932167437651425,1.80061583714562,1.435253245736857,1.1326567581817961,0.5573580906069786,CPz
A01T,5,"Fz,C3,C4,Pz,POz",17,Learned_BEM_Residual,273,273000,True,1.589577317237854,1.2586283683776855,0.9874828457832336,0.9749533534049988,2.7932167437651425,1.80061583714562,1.435253245736857,1.1326567581817961,0.5573580906069786,CP2
A01T,5,"Fz,C3,C4,Pz,POz",17,Learned_BEM_Residual,273,273000,True,1.8530316352844238,1.4597837924957275,0.9818124175071716,0.9638240933418274,2.7932167437651425,1.80061583714562,1.435253245736857,1.1326567581817961,0.5573580906069786,CP4
A01T,5,"Fz,C3,C4,Pz,POz",17,Learned_BEM_Residual,273,273000,True,1.8373550176620483,1.4386510848999023,0.9815801382064819,0.9634255170822144,2.7932167437651425,1.80061583714562,1.435253245736857,1.1326567581817961,0.5573580906069786,P1
A01T,5,"Fz,C3,C4,Pz,POz",17,Learned_BEM_Residual,273,273000,True,1.5702139139175415,1.231540560722351,0.9866376519203186,0.9733973145484924,2.7932167437651425,1.80061583714562,1.435253245736857,1.1326567581817961,0.5573580906069786,P2
A01T,10,"Fz,FC3,FC4,C3,Cz,C4,CP3,CP4,Pz,POz",12,Learned_BEM_Residual,273,273000,True,1.8096649646759033,1.3700004816055298,0.9836410284042358,0.9675264072791876,1.1374411453050133,0.8043290235750282,0.6023282377082576,0.8291000955078932,0.5012596297545663,
A01T,10,"Fz,FC3,FC4,C3,Cz,C4,CP3,CP4,Pz,POz",12,Learned_BEM_Residual,273,273000,True,1.6664966344833374,1.3186851739883423,0.9878895282745361,0.9758790135383606,1.1374411453050133,0.8043290235750282,0.6023282377082576,0.8291000955078932,0.5012596297545663,FC1
A01T,10,"Fz,FC3,FC4,C3,Cz,C4,CP3,CP4,Pz,POz",12,Learned_BEM_Residual,273,273000,True,1.9757533073425293,1.5259250402450562,0.9844931364059448,0.9691274762153625,1.1374411453050133,0.8043290235750282,0.6023282377082576,0.8291000955078932,0.5012596297545663,FCz
A01T,10,"Fz,FC3,FC4,C3,Cz,C4,CP3,CP4,Pz,POz",12,Learned_BEM_Residual,273,273000,True,1.5353277921676636,1.2218530178070068,0.9899129271507263,0.9797845482826233,1.1374411453050133,0.8043290235750282,0.6023282377082576,0.8291000955078932,0.5012596297545663,FC2
A01T,10,"Fz,FC3,FC4,C3,Cz,C4,CP3,CP4,Pz,POz",12,Learned_BEM_Residual,273,273000,True,2.688382863998413,2.1365952491760254,0.9442012906074524,0.8903401494026184,1.1374411453050133,0.8043290235750282,0.6023282377082576,0.8291000955078932,0.5012596297545663,C5
A01T,10,"Fz,FC3,FC4,C3,Cz,C4,CP3,CP4,Pz,POz",12,Learned_BEM_Residual,273,273000,True,1.6694233417510986,1.340672254562378,0.9868116974830627,0.9737668037414551,1.1374411453050133,0.8043290235750282,0.6023282377082576,0.8291000955078932,0.5012596297545663,C1
A01T,10,"Fz,FC3,FC4,C3,Cz,C4,CP3,CP4,Pz,POz",12,Learned_BEM_Residual,273,273000,True,1.5879542827606201,1.27228844165802,0.9885815978050232,0.9770726561546326,1.1374411453050133,0.8043290235750282,0.6023282377082576,0.8291000955078932,0.5012596297545663,C2
A01T,10,"Fz,FC3,FC4,C3,Cz,C4,CP3,CP4,Pz,POz",12,Learned_BEM_Residual,273,273000,True,2.930697202682495,2.321272611618042,0.9449365735054016,0.8914243578910828,1.1374411453050133,0.8043290235750282,0.6023282377082576,0.8291000955078932,0.5012596297545663,C6
A01T,10,"Fz,FC3,FC4,C3,Cz,C4,CP3,CP4,Pz,POz",12,Learned_BEM_Residual,273,273000,True,1.5035650730133057,1.2081712484359741,0.9884693622589111,0.9770000576972961,1.1374411453050133,0.8043290235750282,0.6023282377082576,0.8291000955078932,0.5012596297545663,CP1
A01T,10,"Fz,FC3,FC4,C3,Cz,C4,CP3,CP4,Pz,POz",12,Learned_BEM_Residual,273,273000,True,1.3624294996261597,1.0744661092758179,0.991259753704071,0.9825708866119385,1.1374411453050133,0.8043290235750282,0.6023282377082576,0.8291000955078932,0.5012596297545663,CPz
A01T,10,"Fz,FC3,FC4,C3,Cz,C4,CP3,CP4,Pz,POz",12,Learned_BEM_Residual,273,273000,True,1.2005436420440674,0.9447798132896423,0.9928491115570068,0.9857131242752075,1.1374411453050133,0.8043290235750282,0.6023282377082576,0.8291000955078932,0.5012596297545663,CP2
A01T,10,"Fz,FC3,FC4,C3,Cz,C4,CP3,CP4,Pz,POz",12,Learned_BEM_Residual,273,273000,True,1.5036174058914185,1.1756993532180786,0.9878279566764832,0.975504994392395,1.1374411453050133,0.8043290235750282,0.6023282377082576,0.8291000955078932,0.5012596297545663,P1
A01T,10,"Fz,FC3,FC4,C3,Cz,C4,CP3,CP4,Pz,POz",12,Learned_BEM_Residual,273,273000,True,1.146183967590332,0.899468183517456,0.9929585456848145,0.9858253598213196,1.1374411453050133,0.8043290235750282,0.6023282377082576,0.8291000955078932,0.5012596297545663,P2
A01T,15,"Fz,FC3,FC1,FC2,FC4,C3,C1,Cz,C2,C4,CP3,CP1,CP2,CP4,Pz",7,Learned_BEM_Residual,273,273000,True,1.9731796979904175,1.4901282787322998,0.979011058807373,0.9584227647684582,1.6595231840952689,0.5598421832621036,0.81142130382336,1.258241603615353,0.6069506506876515,
A01T,15,"Fz,FC3,FC1,FC2,FC4,C3,C1,Cz,C2,C4,CP3,CP1,CP2,CP4,Pz",7,Learned_BEM_Residual,273,273000,True,1.80008065700531,1.3803807497024536,0.9871183633804321,0.9743736982345581,1.6595231840952689,0.5598421832621036,0.81142130382336,1.258241603615353,0.6069506506876515,FCz
A01T,15,"Fz,FC3,FC1,FC2,FC4,C3,C1,Cz,C2,C4,CP3,CP1,CP2,CP4,Pz",7,Learned_BEM_Residual,273,273000,True,2.4710047245025635,1.958186388015747,0.952610433101654,0.9073567390441895,1.6595231840952689,0.5598421832621036,0.81142130382336,1.258241603615353,0.6069506506876515,C5
A01T,15,"Fz,FC3,FC1,FC2,FC4,C3,C1,Cz,C2,C4,CP3,CP1,CP2,CP4,Pz",7,Learned_BEM_Residual,273,273000,True,2.6717920303344727,2.11433482170105,0.954547107219696,0.9097612500190735,1.6595231840952689,0.5598421832621036,0.81142130382336,1.258241603615353,0.6069506506876515,C6
A01T,15,"Fz,FC3,FC1,FC2,FC4,C3,C1,Cz,C2,C4,CP3,CP1,CP2,CP4,Pz",7,Learned_BEM_Residual,273,273000,True,1.3297522068023682,1.0487589836120605,0.9917495846748352,0.9833967685699463,1.6595231840952689,0.5598421832621036,0.81142130382336,1.258241603615353,0.6069506506876515,CPz
A01T,15,"Fz,FC3,FC1,FC2,FC4,C3,C1,Cz,C2,C4,CP3,CP1,CP2,CP4,Pz",7,Learned_BEM_Residual,273,273000,True,1.4399769306182861,1.1253108978271484,0.9891402721405029,0.9775351285934448,1.6595231840952689,0.5598421832621036,0.81142130382336,1.258241603615353,0.6069506506876515,P1
A01T,15,"Fz,FC3,FC1,FC2,FC4,C3,C1,Cz,C2,C4,CP3,CP1,CP2,CP4,Pz",7,Learned_BEM_Residual,273,273000,True,1.2116962671279907,0.9547109603881836,0.9921386241912842,0.9841588139533997,1.6595231840952689,0.5598421832621036,0.81142130382336,1.258241603615353,0.6069506506876515,P2
A01T,15,"Fz,FC3,FC1,FC2,FC4,C3,C1,Cz,C2,C4,CP3,CP1,CP2,CP4,Pz",7,Learned_BEM_Residual,273,273000,True,2.3361504077911377,1.8491089344024658,0.9700984954833984,0.9410070776939392,1.6595231840952689,0.5598421832621036,0.81142130382336,1.258241603615353,0.6069506506876515,POz
A02T,5,"Fz,C3,C4,Pz,POz",17,Learned_BEM_Residual,270,270000,True,2.132225275039673,1.5814194679260254,0.9701347351074219,0.9411440219740825,1.3565863670536973,1.1615433318566375,0.7975798022680001,1.1260338467809938,0.761714363238559,
A02T,5,"Fz,C3,C4,Pz,POz",17,Learned_BEM_Residual,270,270000,True,1.6708532571792603,1.318678855895996,0.9793252348899841,0.9588726758956909,1.3565863670536973,1.1615433318566375,0.7975798022680001,1.1260338467809938,0.761714363238559,FC3
A02T,5,"Fz,C3,C4,Pz,POz",17,Learned_BEM_Residual,270,270000,True,1.9174797534942627,1.5143290758132935,0.9775758385658264,0.9554498195648193,1.3565863670536973,1.1615433318566375,0.7975798022680001,1.1260338467809938,0.761714363238559,FC1
A02T,5,"Fz,C3,C4,Pz,POz",17,Learned_BEM_Residual,270,270000,True,2.470526695251465,1.9595016241073608,0.9668180346488953,0.9344764351844788,1.3565863670536973,1.1615433318566375,0.7975798022680001,1.1260338467809938,0.761714363238559,FCz
A02T,5,"Fz,C3,C4,Pz,POz",17,Learned_BEM_Residual,270,270000,True,2.8786237239837646,2.278744697570801,0.9533997178077698,0.9083112478256226,1.3565863670536973,1.1615433318566375,0.7975798022680001,1.1260338467809938,0.761714363238559,FC2
A02T,5,"Fz,C3,C4,Pz,POz",17,Learned_BEM_Residual,270,270000,True,2.543518543243408,1.9945359230041504,0.9608071446418762,0.9228109121322632,1.3565863670536973,1.1615433318566375,0.7975798022680001,1.1260338467809938,0.761714363238559,FC4
A02T,5,"Fz,C3,C4,Pz,POz",17,Learned_BEM_Residual,270,270000,True,3.4232256412506104,2.5009360313415527,0.8814792037010193,0.7769906520843506,1.3565863670536973,1.1615433318566375,0.7975798022680001,1.1260338467809938,0.761714363238559,C5
A02T,5,"Fz,C3,C4,Pz,POz",17,Learned_BEM_Residual,270,270000,True,1.9703065156936646,1.5697907209396362,0.9750099778175354,0.950580358505249,1.3565863670536973,1.1615433318566375,0.7975798022680001,1.1260338467809938,0.761714363238559,C1
A02T,5,"Fz,C3,C4,Pz,POz",17,Learned_BEM_Residual,270,270000,True,2.4470300674438477,1.9379551410675049,0.9670464396476746,0.9346317648887634,1.3565863670536973,1.1615433318566375,0.7975798022680001,1.1260338467809938,0.761714363238559,Cz
A02T,5,"Fz,C3,C4,Pz,POz",17,Learned_BEM_Residual,270,270000,True,1.83847975730896,1.4688323736190796,0.9800397157669067,0.9603062868118286,1.3565863670536973,1.1615433318566375,0.7975798022680001,1.1260338467809938,0.761714363238559,C2
A02T,5,"Fz,C3,C4,Pz,POz",17,Learned_BEM_Residual,270,270000,True,3.288317918777466,2.4984798431396484,0.9294456839561462,0.8603374361991882,1.3565863670536973,1.1615433318566375,0.7975798022680001,1.1260338467809938,0.761714363238559,C6
A02T,5,"Fz,C3,C4,Pz,POz",17,Learned_BEM_Residual,270,270000,True,1.393601655960083,1.0996652841567993,0.9846246242523193,0.9693195819854736,1.3565863670536973,1.1615433318566375,0.7975798022680001,1.1260338467809938,0.761714363238559,CP3
A02T,5,"Fz,C3,C4,Pz,POz",17,Learned_BEM_Residual,270,270000,True,1.5986876487731934,1.289311170578003,0.9823312759399414,0.9648352265357971,1.3565863670536973,1.1615433318566375,0.7975798022680001,1.1260338467809938,0.761714363238559,CP1
A02T,5,"Fz,C3,C4,Pz,POz",17,Learned_BEM_Residual,270,270000,True,1.4364778995513916,1.1429816484451294,0.9870627522468567,0.9742593765258789,1.3565863670536973,1.1615433318566375,0.7975798022680001,1.1260338467809938,0.761714363238559,CPz
A02T,5,"Fz,C3,C4,Pz,POz",17,Learned_BEM_Residual,270,270000,True,1.388037085533142,1.0969830751419067,0.9878566861152649,0.9757513999938965,1.3565863670536973,1.1615433318566375,0.7975798022680001,1.1260338467809938,0.761714363238559,CP2
A02T,5,"Fz,C3,C4,Pz,POz",17,Learned_BEM_Residual,270,270000,True,1.6961771249771118,1.3471063375473022,0.9811521768569946,0.9626344442367554,1.3565863670536973,1.1615433318566375,0.7975798022680001,1.1260338467809938,0.761714363238559,CP4
A02T,5,"Fz,C3,C4,Pz,POz",17,Learned_BEM_Residual,270,270000,True,1.2299937009811401,0.9674757719039917,0.9883699417114258,0.9768437743186951,1.3565863670536973,1.1615433318566375,0.7975798022680001,1.1260338467809938,0.761714363238559,P1
A02T,5,"Fz,C3,C4,Pz,POz",17,Learned_BEM_Residual,270,270000,True,1.1383370161056519,0.8986282348632812,0.9910928010940552,0.9820334911346436,1.3565863670536973,1.1615433318566375,0.7975798022680001,1.1260338467809938,0.761714363238559,P2
A02T,10,"Fz,FC3,FC4,C3,Cz,C4,CP3,CP4,Pz,POz",12,Learned_BEM_Residual,270,270000,True,1.8781267404556274,1.3211544752120972,0.9769945740699768,0.9544639696962974,0.666510379433355,0.704230131936481,0.6744102397549299,0.9395879107786018,0.8500938621283421,
A02T,10,"Fz,FC3,FC4,C3,Cz,C4,CP3,CP4,Pz,POz",12,Learned_BEM_Residual,270,270000,True,1.5133357048034668,1.2020775079727173,0.9860295653343201,0.9722496867179871,0.666510379433355,0.704230131936481,0.6744102397549299,0.9395879107786018,0.8500938621283421,FC1
A02T,10,"Fz,FC3,FC4,C3,Cz,C4,CP3,CP4,Pz,POz",12,Learned_BEM_Residual,270,270000,True,1.4018433094024658,1.1108436584472656,0.9894186854362488,0.9789034724235535,0.666510379433355,0.704230131936481,0.6744102397549299,0.9395879107786018,0.8500938621283421,FCz
A02T,10,"Fz,FC3,FC4,C3,Cz,C4,CP3,CP4,Pz,POz",12,Learned_BEM_Residual,270,270000,True,2.6203627586364746,2.0796947479248047,0.9615159630775452,0.9240256547927856,0.666510379433355,0.704230131936481,0.6744102397549299,0.9395879107786018,0.8500938621283421,FC2
A02T,10,"Fz,FC3,FC4,C3,Cz,C4,CP3,CP4,Pz,POz",12,Learned_BEM_Residual,270,270000,True,3.3322672843933105,2.383471727371216,0.8884549140930176,0.7886853218078613,0.666510379433355,0.704230131936481,0.6744102397549299,0.9395879107786018,0.8500938621283421,C5
A02T,10,"Fz,FC3,FC4,C3,Cz,C4,CP3,CP4,Pz,POz",12,Learned_BEM_Residual,270,270000,True,1.658294439315796,1.3256235122680664,0.9824594855308533,0.9649931192398071,0.666510379433355,0.704230131936481,0.6744102397549299,0.9395879107786018,0.8500938621283421,C1
A02T,10,"Fz,FC3,FC4,C3,Cz,C4,CP3,CP4,Pz,POz",12,Learned_BEM_Residual,270,270000,True,1.4498648643493652,1.169486165046692,0.987654447555542,0.975313663482666,0.666510379433355,0.704230131936481,0.6744102397549299,0.9395879107786018,0.8500938621283421,C2
A02T,10,"Fz,FC3,FC4,C3,Cz,C4,CP3,CP4,Pz,POz",12,Learned_BEM_Residual,270,270000,True,3.04864501953125,2.276712656021118,0.939893364906311,0.8799533843994141,0.666510379433355,0.704230131936481,0.6744102397549299,0.9395879107786018,0.8500938621283421,C6
A02T,10,"Fz,FC3,FC4,C3,Cz,C4,CP3,CP4,Pz,POz",12,Learned_BEM_Residual,270,270000,True,1.310291051864624,1.0593210458755493,0.9881949424743652,0.9763780236244202,0.666510379433355,0.704230131936481,0.6744102397549299,0.9395879107786018,0.8500938621283421,CP1
A02T,10,"Fz,FC3,FC4,C3,Cz,C4,CP3,CP4,Pz,POz",12,Learned_BEM_Residual,270,270000,True,0.9144646525382996,0.7273554801940918,0.9948455691337585,0.9895684123039246,0.666510379433355,0.704230131936481,0.6744102397549299,0.9395879107786018,0.8500938621283421,CPz
A02T,10,"Fz,FC3,FC4,C3,Cz,C4,CP3,CP4,Pz,POz",12,Learned_BEM_Residual,270,270000,True,1.145390510559082,0.8989951610565186,0.9917876720428467,0.9834883213043213,0.666510379433355,0.704230131936481,0.6744102397549299,0.9395879107786018,0.8500938621283421,CP2
A02T,10,"Fz,FC3,FC4,C3,Cz,C4,CP3,CP4,Pz,POz",12,Learned_BEM_Residual,270,270000,True,1.0288975238800049,0.8163643479347229,0.9919530153274536,0.9837964773178101,0.666510379433355,0.704230131936481,0.6744102397549299,0.9395879107786018,0.8500938621283421,P1
A02T,10,"Fz,FC3,FC4,C3,Cz,C4,CP3,CP4,Pz,POz",12,Learned_BEM_Residual,270,270000,True,1.014755368232727,0.8038556575775146,0.9928616285324097,0.9857229590415955,0.666510379433355,0.704230131936481,0.6744102397549299,0.9395879107786018,0.8500938621283421,P2
A02T,15,"Fz,FC3,FC1,FC2,FC4,C3,C1,Cz,C2,C4,CP3,CP1,CP2,CP4,Pz",7,Learned_BEM_Residual,270,270000,True,1.9207979440689087,1.3055145740509033,0.9740520119667053,0.9487336812978242,0.6924953152171314,0.6304384477771391,0.7891061723074292,1.0585236938077252,1.0704453845073945,
A02T,15,"Fz,FC3,FC1,FC2,FC4,C3,C1,Cz,C2,C4,CP3,CP1,CP2,CP4,Pz",7,Learned_BEM_Residual,270,270000,True,1.1900182962417603,0.9452579021453857,0.9923909902572632,0.9847970008850098,0.6924953152171314,0.6304384477771391,0.7891061723074292,1.0585236938077252,1.0704453845073945,FCz
A02T,15,"Fz,FC3,FC1,FC2,FC4,C3,C1,Cz,C2,C4,CP3,CP1,CP2,CP4,Pz",7,Learned_BEM_Residual,270,270000,True,3.133864402770996,2.1913740634918213,0.9018142819404602,0.8131027817726135,0.6924953152171314,0.6304384477771391,0.7891061723074292,1.0585236938077252,1.0704453845073945,C5
A02T,15,"Fz,FC3,FC1,FC2,FC4,C3,C1,Cz,C2,C4,CP3,CP1,CP2,CP4,Pz",7,Learned_BEM_Residual,270,270000,True,2.860229969024658,2.1184945106506348,0.9468168616294861,0.8943338394165039,0.6924953152171314,0.6304384477771391,0.7891061723074292,1.0585236938077252,1.0704453845073945,C6
A02T,15,"Fz,FC3,FC1,FC2,FC4,C3,C1,Cz,C2,C4,CP3,CP1,CP2,CP4,Pz",7,Learned_BEM_Residual,270,270000,True,0.8537440896034241,0.6778524518013,0.995450496673584,0.9909076690673828,0.6924953152171314,0.6304384477771391,0.7891061723074292,1.0585236938077252,1.0704453845073945,CPz
A02T,15,"Fz,FC3,FC1,FC2,FC4,C3,C1,Cz,C2,C4,CP3,CP1,CP2,CP4,Pz",7,Learned_BEM_Residual,270,270000,True,1.223717451095581,0.971411943435669,0.9886878132820129,0.9770792126655579,0.6924953152171314,0.6304384477771391,0.7891061723074292,1.0585236938077252,1.0704453845073945,P1
A02T,15,"Fz,FC3,FC1,FC2,FC4,C3,C1,Cz,C2,C4,CP3,CP1,CP2,CP4,Pz",7,Learned_BEM_Residual,270,270000,True,1.1002672910690308,0.8725111484527588,0.9916759133338928,0.9832150936126709,0.6924953152171314,0.6304384477771391,0.7891061723074292,1.0585236938077252,1.0704453845073945,P2
A02T,15,"Fz,FC3,FC1,FC2,FC4,C3,C1,Cz,C2,C4,CP3,CP1,CP2,CP4,Pz",7,Learned_BEM_Residual,270,270000,True,1.7231554985046387,1.3616772890090942,0.9767970442771912,0.9528570175170898,0.6924953152171314,0.6304384477771391,0.7891061723074292,1.0585236938077252,1.0704453845073945,POz
A03T,5,"Fz,C3,C4,Pz,POz",17,Learned_BEM_Residual,270,270000,True,2.4811906814575195,1.8537472486495972,0.9781196117401123,0.9567064374170515,1.3787823362928278,1.4197409256253348,1.9388533955788099,3.052433769882569,2.07899543164066,
A03T,5,"Fz,C3,C4,Pz,POz",17,Learned_BEM_Residual,270,270000,True,2.347804069519043,1.8418201208114624,0.9787576198577881,0.9579159617424011,1.3787823362928278,1.4197409256253348,1.9388533955788099,3.052433769882569,2.07899543164066,FC3
A03T,5,"Fz,C3,C4,Pz,POz",17,Learned_BEM_Residual,270,270000,True,2.1013619899749756,1.668920636177063,0.9841769933700562,0.9680443406105042,1.3787823362928278,1.4197409256253348,1.9388533955788099,3.052433769882569,2.07899543164066,FC1
A03T,5,"Fz,C3,C4,Pz,POz",17,Learned_BEM_Residual,270,270000,True,2.6048073768615723,2.072401285171509,0.9766764044761658,0.9529501795768738,1.3787823362928278,1.4197409256253348,1.9388533955788099,3.052433769882569,2.07899543164066,FCz
A03T,5,"Fz,C3,C4,Pz,POz",17,Learned_BEM_Residual,270,270000,True,2.0234575271606445,1.6025010347366333,0.9853275418281555,0.9703284502029419,1.3787823362928278,1.4197409256253348,1.9388533955788099,3.052433769882569,2.07899543164066,FC2
A03T,5,"Fz,C3,C4,Pz,POz",17,Learned_BEM_Residual,270,270000,True,2.286857843399048,1.7854905128479004,0.9804920554161072,0.9612150192260742,1.3787823362928278,1.4197409256253348,1.9388533955788099,3.052433769882569,2.07899543164066,FC4
A03T,5,"Fz,C3,C4,Pz,POz",17,Learned_BEM_Residual,270,270000,True,4.2308878898620605,3.015688180923462,0.9231705665588379,0.845793604850769,1.3787823362928278,1.4197409256253348,1.9388533955788099,3.052433769882569,2.07899543164066,C5
A03T,5,"Fz,C3,C4,Pz,POz",17,Learned_BEM_Residual,270,270000,True,2.3541879653930664,1.8623582124710083,0.9807692766189575,0.9614136219024658,1.3787823362928278,1.4197409256253348,1.9388533955788099,3.052433769882569,2.07899543164066,C1
A03T,5,"Fz,C3,C4,Pz,POz",17,Learned_BEM_Residual,270,270000,True,2.980292320251465,2.362762451171875,0.970494270324707,0.9406371712684631,1.3787823362928278,1.4197409256253348,1.9388533955788099,3.052433769882569,2.07899543164066,Cz
A03T,5,"Fz,C3,C4,Pz,POz",17,Learned_BEM_Residual,270,270000,True,2.2660632133483887,1.7972503900527954,0.9819456934928894,0.963599443435669,1.3787823362928278,1.4197409256253348,1.9388533955788099,3.052433769882569,2.07899543164066,C2
A03T,5,"Fz,C3,C4,Pz,POz",17,Learned_BEM_Residual,270,270000,True,3.943096399307251,2.977177619934082,0.9471855759620667,0.8873218894004822,1.3787823362928278,1.4197409256253348,1.9388533955788099,3.052433769882569,2.07899543164066,C6
A03T,5,"Fz,C3,C4,Pz,POz",17,Learned_BEM_Residual,270,270000,True,1.800560474395752,1.4162088632583618,0.988895058631897,0.9771648049354553,1.3787823362928278,1.4197409256253348,1.9388533955788099,3.052433769882569,2.07899543164066,CP3
A03T,5,"Fz,C3,C4,Pz,POz",17,Learned_BEM_Residual,270,270000,True,1.85310697555542,1.477911353111267,0.988227128982544,0.9762020111083984,1.3787823362928278,1.4197409256253348,1.9388533955788099,3.052433769882569,2.07899543164066,CP1
A03T,5,"Fz,C3,C4,Pz,POz",17,Learned_BEM_Residual,270,270000,True,2.0168685913085938,1.593902349472046,0.9868899583816528,0.9731795191764832,1.3787823362928278,1.4197409256253348,1.9388533955788099,3.052433769882569,2.07899543164066,CPz
A03T,5,"Fz,C3,C4,Pz,POz",17,Learned_BEM_Residual,270,270000,True,1.7320642471313477,1.3650394678115845,0.9898874759674072,0.9797940254211426,1.3787823362928278,1.4197409256253348,1.9388533955788099,3.052433769882569,2.07899543164066,CP2
A03T,5,"Fz,C3,C4,Pz,POz",17,Learned_BEM_Residual,270,270000,True,1.9883031845092773,1.570512294769287,0.9866504669189453,0.9729393720626831,1.3787823362928278,1.4197409256253348,1.9388533955788099,3.052433769882569,2.07899543164066,CP4
A03T,5,"Fz,C3,C4,Pz,POz",17,Learned_BEM_Residual,270,270000,True,2.1109447479248047,1.6530814170837402,0.9855592846870422,0.9709312319755554,1.3787823362928278,1.4197409256253348,1.9388533955788099,3.052433769882569,2.07899543164066,P1
A03T,5,"Fz,C3,C4,Pz,POz",17,Learned_BEM_Residual,270,270000,True,1.8578484058380127,1.4505025148391724,0.9891206622123718,0.9779015779495239,1.3787823362928278,1.4197409256253348,1.9388533955788099,3.052433769882569,2.07899543164066,P2
A03T,10,"Fz,FC3,FC4,C3,Cz,C4,CP3,CP4,Pz,POz",12,Learned_BEM_Residual,270,270000,True,2.188976526260376,1.542506456375122,0.9831083416938782,0.9664459188381432,0.6954979376064813,0.8143176667887873,2.3772042159706497,2.5362336875071363,1.8789103460082832,
A03T,10,"Fz,FC3,FC4,C3,Cz,C4,CP3,CP4,Pz,POz",12,Learned_BEM_Residual,270,270000,True,1.6935346126556396,1.3498705625534058,0.9896643757820129,0.9792448282241821,0.6954979376064813,0.8143176667887873,2.3772042159706497,2.5362336875071363,1.8789103460082832,FC1
A03T,10,"Fz,FC3,FC4,C3,Cz,C4,CP3,CP4,Pz,POz",12,Learned_BEM_Residual,270,270000,True,1.555752158164978,1.2386776208877563,0.9916194677352905,0.9832161068916321,0.6954979376064813,0.8143176667887873,2.3772042159706497,2.5362336875071363,1.8789103460082832,FCz
A03T,10,"Fz,FC3,FC4,C3,Cz,C4,CP3,CP4,Pz,POz",12,Learned_BEM_Residual,270,270000,True,1.594442367553711,1.2730990648269653,0.9907822012901306,0.9815765023231506,0.6954979376064813,0.8143176667887873,2.3772042159706497,2.5362336875071363,1.8789103460082832,FC2
A03T,10,"Fz,FC3,FC4,C3,Cz,C4,CP3,CP4,Pz,POz",12,Learned_BEM_Residual,270,270000,True,4.019062519073486,2.810007333755493,0.9288942217826843,0.8608487248420715,0.6954979376064813,0.8143176667887873,2.3772042159706497,2.5362336875071363,1.8789103460082832,C5
A03T,10,"Fz,FC3,FC4,C3,Cz,C4,CP3,CP4,Pz,POz",12,Learned_BEM_Residual,270,270000,True,1.975145697593689,1.562605857849121,0.9864473938941956,0.9728387594223022,0.6954979376064813,0.8143176667887873,2.3772042159706497,2.5362336875071363,1.8789103460082832,C1
A03T,10,"Fz,FC3,FC4,C3,Cz,C4,CP3,CP4,Pz,POz",12,Learned_BEM_Residual,270,270000,True,1.7745306491851807,1.4101448059082031,0.9889708757400513,0.9776784777641296,0.6954979376064813,0.8143176667887873,2.3772042159706497,2.5362336875071363,1.8789103460082832,C2
A03T,10,"Fz,FC3,FC4,C3,Cz,C4,CP3,CP4,Pz,POz",12,Learned_BEM_Residual,270,270000,True,3.732508659362793,2.7500250339508057,0.9505559206008911,0.899034321308136,0.6954979376064813,0.8143176667887873,2.3772042159706497,2.5362336875071363,1.8789103460082832,C6
A03T,10,"Fz,FC3,FC4,C3,Cz,C4,CP3,CP4,Pz,POz",12,Learned_BEM_Residual,270,270000,True,1.5639065504074097,1.250105619430542,0.991532027721405,0.9830507040023804,0.6954979376064813,0.8143176667887873,2.3772042159706497,2.5362336875071363,1.8789103460082832,CP1
A03T,10,"Fz,FC3,FC4,C3,Cz,C4,CP3,CP4,Pz,POz",12,Learned_BEM_Residual,270,270000,True,1.480438470840454,1.1581525802612305,0.9929574728012085,0.9855492115020752,0.6954979376064813,0.8143176667887873,2.3772042159706497,2.5362336875071363,1.8789103460082832,CPz
A03T,10,"Fz,FC3,FC4,C3,Cz,C4,CP3,CP4,Pz,POz",12,Learned_BEM_Residual,270,270000,True,1.2338918447494507,0.9603554606437683,0.9948678612709045,0.9897457361221313,0.6954979376064813,0.8143176667887873,2.3772042159706497,2.5362336875071363,1.8789103460082832,CP2
A03T,10,"Fz,FC3,FC4,C3,Cz,C4,CP3,CP4,Pz,POz",12,Learned_BEM_Residual,270,270000,True,2.0166099071502686,1.569873332977295,0.9869006276130676,0.9734711647033691,0.6954979376064813,0.8143176667887873,2.3772042159706497,2.5362336875071363,1.8789103460082832,P1
A03T,10,"Fz,FC3,FC4,C3,Cz,C4,CP3,CP4,Pz,POz",12,Learned_BEM_Residual,270,270000,True,1.5176337957382202,1.1770166158676147,0.9927360415458679,0.9852539300918579,0.6954979376064813,0.8143176667887873,2.3772042159706497,2.5362336875071363,1.8789103460082832,P2
A03T,15,"Fz,FC3,FC1,FC2,FC4,C3,C1,Cz,C2,C4,CP3,CP1,CP2,CP4,Pz",7,Learned_BEM_Residual,270,270000,True,2.6047258377075195,1.823441743850708,0.976533830165863,0.9533458985305507,1.1424047726396738,0.4101168854466547,2.7990858459387886,3.433391335924892,2.504434432954302,
A03T,15,"Fz,FC3,FC1,FC2,FC4,C3,C1,Cz,C2,C4,CP3,CP1,CP2,CP4,Pz",7,Learned_BEM_Residual,270,270000,True,1.473232626914978,1.1602221727371216,0.9926751255989075,0.9849492311477661,1.1424047726396738,0.4101168854466547,2.7990858459387886,3.433391335924892,2.504434432954302,FCz
A03T,15,"Fz,FC3,FC1,FC2,FC4,C3,C1,Cz,C2,C4,CP3,CP1,CP2,CP4,Pz",7,Learned_BEM_Residual,270,270000,True,3.980917453765869,2.7690277099609375,0.9302709698677063,0.863479495048523,1.1424047726396738,0.4101168854466547,2.7990858459387886,3.433391335924892,2.504434432954302,C5
A03T,15,"Fz,FC3,FC1,FC2,FC4,C3,C1,Cz,C2,C4,CP3,CP1,CP2,CP4,Pz",7,Learned_BEM_Residual,270,270000,True,3.5793616771698,2.632601499557495,0.9539794325828552,0.9071492552757263,1.1424047726396738,0.4101168854466547,2.7990858459387886,3.433391335924892,2.504434432954302,C6
A03T,15,"Fz,FC3,FC1,FC2,FC4,C3,C1,Cz,C2,C4,CP3,CP1,CP2,CP4,Pz",7,Learned_BEM_Residual,270,270000,True,1.4256587028503418,1.1151734590530396,0.9934216141700745,0.986598789691925,1.1424047726396738,0.4101168854466547,2.7990858459387886,3.433391335924892,2.504434432954302,CPz
A03T,15,"Fz,FC3,FC1,FC2,FC4,C3,C1,Cz,C2,C4,CP3,CP1,CP2,CP4,Pz",7,Learned_BEM_Residual,270,270000,True,2.1500132083892822,1.6800544261932373,0.9854692220687866,0.9698454141616821,1.1424047726396738,0.4101168854466547,2.7990858459387886,3.433391335924892,2.504434432954302,P1
A03T,15,"Fz,FC3,FC1,FC2,FC4,C3,C1,Cz,C2,C4,CP3,CP1,CP2,CP4,Pz",7,Learned_BEM_Residual,270,270000,True,1.6211951971054077,1.260675072669983,0.9915552139282227,0.9831726551055908,1.1424047726396738,0.4101168854466547,2.7990858459387886,3.433391335924892,2.504434432954302,P2
A03T,15,"Fz,FC3,FC1,FC2,FC4,C3,C1,Cz,C2,C4,CP3,CP1,CP2,CP4,Pz",7,Learned_BEM_Residual,270,270000,True,2.715778112411499,2.146240472793579,0.9767971038818359,0.9534093141555786,1.1424047726396738,0.4101168854466547,2.7990858459387886,3.433391335924892,2.504434432954302,POz
A04T,5,"Fz,C3,C4,Pz,POz",17,Learned_BEM_Residual,262,262000,True,2.0302894115448,1.5823538303375244,0.9712492823600769,0.9432759877492087,1.2423034912871662,0.426293088162272,0.6162088500120017,0.37075015829251146,0.2996524653556387,
A04T,5,"Fz,C3,C4,Pz,POz",17,Learned_BEM_Residual,262,262000,True,1.8265830278396606,1.426566481590271,0.9730989336967468,0.9469087719917297,1.2423034912871662,0.426293088162272,0.6162088500120017,0.37075015829251146,0.2996524653556387,FC3
A04T,5,"Fz,C3,C4,Pz,POz",17,Learned_BEM_Residual,262,262000,True,1.7707479000091553,1.4087424278259277,0.9780534505844116,0.9563618898391724,1.2423034912871662,0.426293088162272,0.6162088500120017,0.37075015829251146,0.2996524653556387,FC1
A04T,5,"Fz,C3,C4,Pz,POz",17,Learned_BEM_Residual,262,262000,True,2.289825677871704,1.8220384120941162,0.9670310616493225,0.935006856918335,1.2423034912871662,0.426293088162272,0.6162088500120017,0.37075015829251146,0.2996524653556387,FCz
A04T,5,"Fz,C3,C4,Pz,POz",17,Learned_BEM_Residual,262,262000,True,1.9165016412734985,1.518797755241394,0.975466787815094,0.9514367580413818,1.2423034912871662,0.426293088162272,0.6162088500120017,0.37075015829251146,0.2996524653556387,FC2
A04T,5,"Fz,C3,C4,Pz,POz",17,Learned_BEM_Residual,262,262000,True,1.5923583507537842,1.2512863874435425,0.9814428091049194,0.9630234241485596,1.2423034912871662,0.426293088162272,0.6162088500120017,0.37075015829251146,0.2996524653556387,FC4
A04T,5,"Fz,C3,C4,Pz,POz",17,Learned_BEM_Residual,262,262000,True,2.8270621299743652,2.113962173461914,0.9147028923034668,0.8358961939811707,1.2423034912871662,0.426293088162272,0.6162088500120017,0.37075015829251146,0.2996524653556387,C5
A04T,5,"Fz,C3,C4,Pz,POz",17,Learned_BEM_Residual,262,262000,True,2.027088165283203,1.6139590740203857,0.9703389406204224,0.9413071870803833,1.2423034912871662,0.426293088162272,0.6162088500120017,0.37075015829251146,0.2996524653556387,C1
A04T,5,"Fz,C3,C4,Pz,POz",17,Learned_BEM_Residual,262,262000,True,2.5057971477508545,1.9889500141143799,0.9601104259490967,0.9217426776885986,1.2423034912871662,0.426293088162272,0.6162088500120017,0.37075015829251146,0.2996524653556387,Cz
A04T,5,"Fz,C3,C4,Pz,POz",17,Learned_BEM_Residual,262,262000,True,1.920815110206604,1.535278081893921,0.9752820134162903,0.951116681098938,1.2423034912871662,0.426293088162272,0.6162088500120017,0.37075015829251146,0.2996524653556387,C2
A04T,5,"Fz,C3,C4,Pz,POz",17,Learned_BEM_Residual,262,262000,True,2.392186403274536,1.908815622329712,0.9486446976661682,0.8991632461547852,1.2423034912871662,0.426293088162272,0.6162088500120017,0.37075015829251146,0.2996524653556387,C6
A04T,5,"Fz,C3,C4,Pz,POz",17,Learned_BEM_Residual,262,262000,True,1.7467122077941895,1.386154294013977,0.9765936732292175,0.9536173939704895,1.2423034912871662,0.426293088162272,0.6162088500120017,0.37075015829251146,0.2996524653556387,CP3
A04T,5,"Fz,C3,C4,Pz,POz",17,Learned_BEM_Residual,262,262000,True,2.0999598503112793,1.6789679527282715,0.9699140787124634,0.9399505257606506,1.2423034912871662,0.426293088162272,0.6162088500120017,0.37075015829251146,0.2996524653556387,CP1
A04T,5,"Fz,C3,C4,Pz,POz",17,Learned_BEM_Residual,262,262000,True,2.1613152027130127,1.7220683097839355,0.9714236855506897,0.943290650844574,1.2423034912871662,0.426293088162272,0.6162088500120017,0.37075015829251146,0.2996524653556387,CPz
A04T,5,"Fz,C3,C4,Pz,POz",17,Learned_BEM_Residual,262,262000,True,1.6528345346450806,1.3122726678848267,0.9824191331863403,0.9650413990020752,1.2423034912871662,0.426293088162272,0.6162088500120017,0.37075015829251146,0.2996524653556387,CP2
A04T,5,"Fz,C3,C4,Pz,POz",17,Learned_BEM_Residual,262,262000,True,1.780290961265564,1.4078670740127563,0.9784358143806458,0.9571849703788757,1.2423034912871662,0.426293088162272,0.6162088500120017,0.37075015829251146,0.2996524653556387,CP4
A04T,5,"Fz,C3,C4,Pz,POz",17,Learned_BEM_Residual,262,262000,True,1.750911831855774,1.3862844705581665,0.9815567135810852,0.9631900787353516,1.2423034912871662,0.426293088162272,0.6162088500120017,0.37075015829251146,0.2996524653556387,P1
A04T,5,"Fz,C3,C4,Pz,POz",17,Learned_BEM_Residual,262,262000,True,1.8041893243789673,1.4179025888442993,0.981635332107544,0.9627918601036072,1.2423034912871662,0.426293088162272,0.6162088500120017,0.37075015829251146,0.2996524653556387,P2
A04T,10,"Fz,FC3,FC4,C3,Cz,C4,CP3,CP4,Pz,POz",12,Learned_BEM_Residual,262,262000,True,1.6505848169326782,1.2707993984222412,0.98133385181427,0.9630120964170377,0.8092644097523918,0.3881530031683198,0.44634249282941363,0.5058209979209048,0.32819530307026507,
A04T,10,"Fz,FC3,FC4,C3,Cz,C4,CP3,CP4,Pz,POz",12,Learned_BEM_Residual,262,262000,True,1.5398380756378174,1.229381799697876,0.9834108352661133,0.9670009613037109,0.8092644097523918,0.3881530031683198,0.44634249282941363,0.5058209979209048,0.32819530307026507,FC1
A04T,10,"Fz,FC3,FC4,C3,Cz,C4,CP3,CP4,Pz,POz",12,Learned_BEM_Residual,262,262000,True,1.5548067092895508,1.237926721572876,0.9849873781204224,0.9700344800949097,0.8092644097523918,0.3881530031683198,0.44634249282941363,0.5058209979209048,0.32819530307026507,FCz
A04T,10,"Fz,FC3,FC4,C3,Cz,C4,CP3,CP4,Pz,POz",12,Learned_BEM_Residual,262,262000,True,1.7757498025894165,1.4150322675704956,0.9789964556694031,0.9583078026771545,0.8092644097523918,0.3881530031683198,0.44634249282941363,0.5058209979209048,0.32819530307026507,FC2
A04T,10,"Fz,FC3,FC4,C3,Cz,C4,CP3,CP4,Pz,POz",12,Learned_BEM_Residual,262,262000,True,2.520303249359131,1.84335458278656,0.9332248568534851,0.869571328163147,0.8092644097523918,0.3881530031683198,0.44634249282941363,0.5058209979209048,0.32819530307026507,C5
A04T,10,"Fz,FC3,FC4,C3,Cz,C4,CP3,CP4,Pz,POz",12,Learned_BEM_Residual,262,262000,True,1.5285272598266602,1.2332078218460083,0.9832379221916199,0.9666263461112976,0.8092644097523918,0.3881530031683198,0.44634249282941363,0.5058209979209048,0.32819530307026507,C1
A04T,10,"Fz,FC3,FC4,C3,Cz,C4,CP3,CP4,Pz,POz",12,Learned_BEM_Residual,262,262000,True,1.3471121788024902,1.1030793190002441,0.9879168272018433,0.9759566783905029,0.8092644097523918,0.3881530031683198,0.44634249282941363,0.5058209979209048,0.32819530307026507,C2
A04T,10,"Fz,FC3,FC4,C3,Cz,C4,CP3,CP4,Pz,POz",12,Learned_BEM_Residual,262,262000,True,2.0448570251464844,1.622426986694336,0.9633647799491882,0.9263192415237427,0.8092644097523918,0.3881530031683198,0.44634249282941363,0.5058209979209048,0.32819530307026507,C6
A04T,10,"Fz,FC3,FC4,C3,Cz,C4,CP3,CP4,Pz,POz",12,Learned_BEM_Residual,262,262000,True,1.6262515783309937,1.306159257888794,0.9819042682647705,0.9639870524406433,0.8092644097523918,0.3881530031683198,0.44634249282941363,0.5058209979209048,0.32819530307026507,CP1
A04T,10,"Fz,FC3,FC4,C3,Cz,C4,CP3,CP4,Pz,POz",12,Learned_BEM_Residual,262,262000,True,1.3853042125701904,1.1038686037063599,0.988322377204895,0.9767029881477356,0.8092644097523918,0.3881530031683198,0.44634249282941363,0.5058209979209048,0.32819530307026507,CPz
A04T,10,"Fz,FC3,FC4,C3,Cz,C4,CP3,CP4,Pz,POz",12,Learned_BEM_Residual,262,262000,True,1.0290822982788086,0.8131057620048523,0.993316113948822,0.9864481687545776,0.8092644097523918,0.3881530031683198,0.44634249282941363,0.5058209979209048,0.32819530307026507,CP2
A04T,10,"Fz,FC3,FC4,C3,Cz,C4,CP3,CP4,Pz,POz",12,Learned_BEM_Residual,262,262000,True,1.5398024320602417,1.2197048664093018,0.9856789112091064,0.971531093120575,0.8092644097523918,0.3881530031683198,0.44634249282941363,0.5058209979209048,0.32819530307026507,P1
A04T,10,"Fz,FC3,FC4,C3,Cz,C4,CP3,CP4,Pz,POz",12,Learned_BEM_Residual,262,262000,True,1.438936710357666,1.122316598892212,0.9881218671798706,0.9763323664665222,0.8092644097523918,0.3881530031683198,0.44634249282941363,0.5058209979209048,0.32819530307026507,P2
A04T,15,"Fz,FC3,FC1,FC2,FC4,C3,C1,Cz,C2,C4,CP3,CP1,CP2,CP4,Pz",7,Learned_BEM_Residual,262,262000,True,1.9358025789260864,1.4382895231246948,0.9750090837478638,0.9505639499914718,1.0360602079236325,0.3516422049452314,0.5594599249448489,0.6032231878929395,0.46970888731623617,
A04T,15,"Fz,FC3,FC1,FC2,FC4,C3,C1,Cz,C2,C4,CP3,CP1,CP2,CP4,Pz",7,Learned_BEM_Residual,262,262000,True,1.3695473670959473,1.083371877670288,0.9884271025657654,0.9767505526542664,1.0360602079236325,0.3516422049452314,0.5594599249448489,0.6032231878929395,0.46970888731623617,FCz
A04T,15,"Fz,FC3,FC1,FC2,FC4,C3,C1,Cz,C2,C4,CP3,CP1,CP2,CP4,Pz",7,Learned_BEM_Residual,262,262000,True,2.2781786918640137,1.6230641603469849,0.9462655186653137,0.8934284448623657,1.0360602079236325,0.3516422049452314,0.5594599249448489,0.6032231878929395,0.46970888731623617,C5
A04T,15,"Fz,FC3,FC1,FC2,FC4,C3,C1,Cz,C2,C4,CP3,CP1,CP2,CP4,Pz",7,Learned_BEM_Residual,262,262000,True,1.799502968788147,1.4183577299118042,0.9712387919425964,0.9429395794868469,1.0360602079236325,0.3516422049452314,0.5594599249448489,0.6032231878929395,0.46970888731623617,C6
A04T,15,"Fz,FC3,FC1,FC2,FC4,C3,C1,Cz,C2,C4,CP3,CP1,CP2,CP4,Pz",7,Learned_BEM_Residual,262,262000,True,1.0565378665924072,0.8401604890823364,0.9932889342308044,0.9864484667778015,1.0360602079236325,0.3516422049452314,0.5594599249448489,0.6032231878929395,0.46970888731623617,CPz
A04T,15,"Fz,FC3,FC1,FC2,FC4,C3,C1,Cz,C2,C4,CP3,CP1,CP2,CP4,Pz",7,Learned_BEM_Residual,262,262000,True,1.741965889930725,1.3820929527282715,0.9818058013916016,0.9635650515556335,1.0360602079236325,0.3516422049452314,0.5594599249448489,0.6032231878929395,0.46970888731623617,P1
A04T,15,"Fz,FC3,FC1,FC2,FC4,C3,C1,Cz,C2,C4,CP3,CP1,CP2,CP4,Pz",7,Learned_BEM_Residual,262,262000,True,1.750536322593689,1.3771319389343262,0.9823884963989258,0.9649724364280701,1.0360602079236325,0.3516422049452314,0.5594599249448489,0.6032231878929395,0.46970888731623617,P2
A04T,15,"Fz,FC3,FC1,FC2,FC4,C3,C1,Cz,C2,C4,CP3,CP1,CP2,CP4,Pz",7,Learned_BEM_Residual,262,262000,True,2.9513041973114014,2.343848943710327,0.9529132843017578,0.9046016335487366,1.0360602079236325,0.3516422049452314,0.5594599249448489,0.6032231878929395,0.46970888731623617,POz
A05T,5,"Fz,C3,C4,Pz,POz",17,Learned_BEM_Residual,262,262000,True,1.853254795074463,1.4228901863098145,0.977067768573761,0.9541903151148129,1.503118444442044,0.38221079992108264,0.19656500266673438,0.8990721539508486,0.29646464387362087,
A05T,5,"Fz,C3,C4,Pz,POz",17,Learned_BEM_Residual,262,262000,True,2.191108226776123,1.6292858123779297,0.9700320959091187,0.9409015774726868,1.503118444442044,0.38221079992108264,0.19656500266673438,0.8990721539508486,0.29646464387362087,FC3
A05T,5,"Fz,C3,C4,Pz,POz",17,Learned_BEM_Residual,262,262000,True,1.8328320980072021,1.4301459789276123,0.9814663529396057,0.9604350924491882,1.503118444442044,0.38221079992108264,0.19656500266673438,0.8990721539508486,0.29646464387362087,FC1
A05T,5,"Fz,C3,C4,Pz,POz",17,Learned_BEM_Residual,262,262000,True,2.0722413063049316,1.6345460414886475,0.9777382016181946,0.9528406262397766,1.503118444442044,0.38221079992108264,0.19656500266673438,0.8990721539508486,0.29646464387362087,FCz
A05T,5,"Fz,C3,C4,Pz,POz",17,Learned_BEM_Residual,262,262000,True,1.756403923034668,1.3703738451004028,0.98289954662323,0.9651256203651428,1.503118444442044,0.38221079992108264,0.19656500266673438,0.8990721539508486,0.29646464387362087,FC2
A05T,5,"Fz,C3,C4,Pz,POz",17,Learned_BEM_Residual,262,262000,True,1.6988543272018433,1.3231830596923828,0.982585608959198,0.9653772115707397,1.503118444442044,0.38221079992108264,0.19656500266673438,0.8990721539508486,0.29646464387362087,FC4
A05T,5,"Fz,C3,C4,Pz,POz",17,Learned_BEM_Residual,262,262000,True,2.543781042098999,2.023449420928955,0.9364997148513794,0.8763191103935242,1.503118444442044,0.38221079992108264,0.19656500266673438,0.8990721539508486,0.29646464387362087,C5
A05T,5,"Fz,C3,C4,Pz,POz",17,Learned_BEM_Residual,262,262000,True,1.9107917547225952,1.5085594654083252,0.9765966534614563,0.9530218243598938,1.503118444442044,0.38221079992108264,0.19656500266673438,0.8990721539508486,0.29646464387362087,C1
A05T,5,"Fz,C3,C4,Pz,POz",17,Learned_BEM_Residual,262,262000,True,2.1261837482452393,1.6773083209991455,0.9734837412834167,0.9455130100250244,1.503118444442044,0.38221079992108264,0.19656500266673438,0.8990721539508486,0.29646464387362087,Cz
A05T,5,"Fz,C3,C4,Pz,POz",17,Learned_BEM_Residual,262,262000,True,1.8248134851455688,1.4526292085647583,0.9792630076408386,0.9578272700309753,1.503118444442044,0.38221079992108264,0.19656500266673438,0.8990721539508486,0.29646464387362087,C2
A05T,5,"Fz,C3,C4,Pz,POz",17,Learned_BEM_Residual,262,262000,True,2.329737424850464,1.861060380935669,0.9556497931480408,0.9130362868309021,1.503118444442044,0.38221079992108264,0.19656500266673438,0.8990721539508486,0.29646464387362087,C6
A05T,5,"Fz,C3,C4,Pz,POz",17,Learned_BEM_Residual,262,262000,True,1.507564663887024,1.1620851755142212,0.9823306202888489,0.9648428559303284,1.503118444442044,0.38221079992108264,0.19656500266673438,0.8990721539508486,0.29646464387362087,CP3
A05T,5,"Fz,C3,C4,Pz,POz",17,Learned_BEM_Residual,262,262000,True,1.5499705076217651,1.2372093200683594,0.9829875230789185,0.9660890102386475,1.503118444442044,0.38221079992108264,0.19656500266673438,0.8990721539508486,0.29646464387362087,CP1
A05T,5,"Fz,C3,C4,Pz,POz",17,Learned_BEM_Residual,262,262000,True,1.488479733467102,1.1688662767410278,0.9856340885162354,0.9708516597747803,1.503118444442044,0.38221079992108264,0.19656500266673438,0.8990721539508486,0.29646464387362087,CPz
A05T,5,"Fz,C3,C4,Pz,POz",17,Learned_BEM_Residual,262,262000,True,1.1231430768966675,0.8839083909988403,0.9916271567344666,0.983086347579956,1.503118444442044,0.38221079992108264,0.19656500266673438,0.8990721539508486,0.29646464387362087,CP2
A05T,5,"Fz,C3,C4,Pz,POz",17,Learned_BEM_Residual,262,262000,True,1.6445567607879639,1.2728737592697144,0.9807702302932739,0.9616562128067017,1.503118444442044,0.38221079992108264,0.19656500266673438,0.8990721539508486,0.29646464387362087,CP4
A05T,5,"Fz,C3,C4,Pz,POz",17,Learned_BEM_Residual,262,262000,True,1.0912820100784302,0.872799813747406,0.9908679127693176,0.981611967086792,1.503118444442044,0.38221079992108264,0.19656500266673438,0.8990721539508486,0.29646464387362087,P1
A05T,5,"Fz,C3,C4,Pz,POz",17,Learned_BEM_Residual,262,262000,True,2.1236016750335693,1.6806837320327759,0.9675843119621277,0.9352695941925049,1.503118444442044,0.38221079992108264,0.19656500266673438,0.8990721539508486,0.29646464387362087,P2
A05T,10,"Fz,FC3,FC4,C3,Cz,C4,CP3,CP4,Pz,POz",12,Learned_BEM_Residual,262,262000,True,1.5440590381622314,1.174448847770691,0.9838836193084717,0.967918923797598,0.9886738610733008,0.3098508601214004,0.15409682530977337,0.77739534825928,0.30923314035582045,
A05T,10,"Fz,FC3,FC4,C3,Cz,C4,CP3,CP4,Pz,POz",12,Learned_BEM_Residual,262,262000,True,1.4241290092468262,1.1214144229888916,0.9882976412773132,0.9761125445365906,0.9886738610733008,0.3098508601214004,0.15409682530977337,0.77739534825928,0.30923314035582045,FC1
A05T,10,"Fz,FC3,FC4,C3,Cz,C4,CP3,CP4,Pz,POz",12,Learned_BEM_Residual,262,262000,True,1.1171337366104126,0.881758451461792,0.9932800531387329,0.986294150352478,0.9886738610733008,0.3098508601214004,0.15409682530977337,0.77739534825928,0.30923314035582045,FCz
A05T,10,"Fz,FC3,FC4,C3,Cz,C4,CP3,CP4,Pz,POz",12,Learned_BEM_Residual,262,262000,True,1.4762721061706543,1.169224500656128,0.9876972436904907,0.9753627777099609,0.9886738610733008,0.3098508601214004,0.15409682530977337,0.77739534825928,0.30923314035582045,FC2
A05T,10,"Fz,FC3,FC4,C3,Cz,C4,CP3,CP4,Pz,POz",12,Learned_BEM_Residual,262,262000,True,2.275580406188965,1.805078387260437,0.9496774673461914,0.9010245203971863,0.9886738610733008,0.3098508601214004,0.15409682530977337,0.77739534825928,0.30923314035582045,C5
A05T,10,"Fz,FC3,FC4,C3,Cz,C4,CP3,CP4,Pz,POz",12,Learned_BEM_Residual,262,262000,True,1.6625003814697266,1.3153554201126099,0.9820624589920044,0.9644370675086975,0.9886738610733008,0.3098508601214004,0.15409682530977337,0.77739534825928,0.30923314035582045,C1
A05T,10,"Fz,FC3,FC4,C3,Cz,C4,CP3,CP4,Pz,POz",12,Learned_BEM_Residual,262,262000,True,1.3889155387878418,1.122537612915039,0.9877446293830872,0.9755696654319763,0.9886738610733008,0.3098508601214004,0.15409682530977337,0.77739534825928,0.30923314035582045,C2
A05T,10,"Fz,FC3,FC4,C3,Cz,C4,CP3,CP4,Pz,POz",12,Learned_BEM_Residual,262,262000,True,2.0355300903320312,1.6156563758850098,0.966867208480835,0.9336133003234863,0.9886738610733008,0.3098508601214004,0.15409682530977337,0.77739534825928,0.30923314035582045,C6
A05T,10,"Fz,FC3,FC4,C3,Cz,C4,CP3,CP4,Pz,POz",12,Learned_BEM_Residual,262,262000,True,1.3854156732559204,1.103022575378418,0.9863759279251099,0.9729066491127014,0.9886738610733008,0.3098508601214004,0.15409682530977337,0.77739534825928,0.30923314035582045,CP1
A05T,10,"Fz,FC3,FC4,C3,Cz,C4,CP3,CP4,Pz,POz",12,Learned_BEM_Residual,262,262000,True,1.0944808721542358,0.8341708183288574,0.9920903444290161,0.9842398166656494,0.9886738610733008,0.3098508601214004,0.15409682530977337,0.77739534825928,0.30923314035582045,CPz
A05T,10,"Fz,FC3,FC4,C3,Cz,C4,CP3,CP4,Pz,POz",12,Learned_BEM_Residual,262,262000,True,0.9581161141395569,0.739179253578186,0.9939074516296387,0.9876914620399475,0.9886738610733008,0.3098508601214004,0.15409682530977337,0.77739534825928,0.30923314035582045,CP2
A05T,10,"Fz,FC3,FC4,C3,Cz,C4,CP3,CP4,Pz,POz",12,Learned_BEM_Residual,262,262000,True,0.9695029258728027,0.7772220373153687,0.9929479956626892,0.9854868650436401,0.9886738610733008,0.3098508601214004,0.15409682530977337,0.77739534825928,0.30923314035582045,P1
A05T,10,"Fz,FC3,FC4,C3,Cz,C4,CP3,CP4,Pz,POz",12,Learned_BEM_Residual,262,262000,True,2.040104627609253,1.6087123155593872,0.9697845578193665,0.9402602314949036,0.9886738610733008,0.3098508601214004,0.15409682530977337,0.77739534825928,0.30923314035582045,P2
A05T,15,"Fz,FC3,FC1,FC2,FC4,C3,C1,Cz,C2,C4,CP3,CP1,CP2,CP4,Pz",7,Learned_BEM_Residual,262,262000,True,1.6328980922698975,1.232982873916626,0.980595588684082,0.9614682602468756,0.9420876910828058,0.5640998853329994,0.24628186512098985,1.0001521241537061,0.3786877223161953,
A05T,15,"Fz,FC3,FC1,FC2,FC4,C3,C1,Cz,C2,C4,CP3,CP1,CP2,CP4,Pz",7,Learned_BEM_Residual,262,262000,True,0.9738430976867676,0.7710395455360413,0.994814395904541,0.989584743976593,0.9420876910828058,0.5640998853329994,0.24628186512098985,1.0001521241537061,0.3786877223161953,FCz
A05T,15,"Fz,FC3,FC1,FC2,FC4,C3,C1,Cz,C2,C4,CP3,CP1,CP2,CP4,Pz",7,Learned_BEM_Residual,262,262000,True,2.0118935108184814,1.5785719156265259,0.9607163071632385,0.9226328730583191,0.9420876910828058,0.5640998853329994,0.24628186512098985,1.0001521241537061,0.3786877223161953,C5
A05T,15,"Fz,FC3,FC1,FC2,FC4,C3,C1,Cz,C2,C4,CP3,CP1,CP2,CP4,Pz",7,Learned_BEM_Residual,262,262000,True,1.8387303352355957,1.4475926160812378,0.9731215834617615,0.9458304643630981,0.9420876910828058,0.5640998853329994,0.24628186512098985,1.0001521241537061,0.3786877223161953,C6
A05T,15,"Fz,FC3,FC1,FC2,FC4,C3,C1,Cz,C2,C4,CP3,CP1,CP2,CP4,Pz",7,Learned_BEM_Residual,262,262000,True,1.116951823234558,0.8469331860542297,0.9919012188911438,0.9835860133171082,0.9420876910828058,0.5640998853329994,0.24628186512098985,1.0001521241537061,0.3786877223161953,CPz
A05T,15,"Fz,FC3,FC1,FC2,FC4,C3,C1,Cz,C2,C4,CP3,CP1,CP2,CP4,Pz",7,Learned_BEM_Residual,262,262000,True,1.0703974962234497,0.8587062954902649,0.9914594292640686,0.9823092222213745,0.9420876910828058,0.5640998853329994,0.24628186512098985,1.0001521241537061,0.3786877223161953,P1
A05T,15,"Fz,FC3,FC1,FC2,FC4,C3,C1,Cz,C2,C4,CP3,CP1,CP2,CP4,Pz",7,Learned_BEM_Residual,262,262000,True,2.136427164077759,1.686432957649231,0.9669218063354492,0.9344842433929443,0.9420876910828058,0.5640998853329994,0.24628186512098985,1.0001521241537061,0.3786877223161953,P2
A05T,15,"Fz,FC3,FC1,FC2,FC4,C3,C1,Cz,C2,C4,CP3,CP1,CP2,CP4,Pz",7,Learned_BEM_Residual,262,262000,True,1.8244125843048096,1.441562294960022,0.9754466414451599,0.951132595539093,0.9420876910828058,0.5640998853329994,0.24628186512098985,1.0001521241537061,0.3786877223161953,POz
A06T,5,"Fz,C3,C4,Pz,POz",17,Learned_BEM_Residual,219,219000,True,3.244269609451294,2.477736711502075,0.9655930399894714,0.9321874520292632,4.011632609698233,1.8989745861696607,3.9440061570096625,0.9391879204774501,0.760131357490097,
A06T,5,"Fz,C3,C4,Pz,POz",17,Learned_BEM_Residual,219,219000,True,2.95137357711792,2.3327407836914062,0.9696717262268066,0.94019615650177,4.011632609698233,1.8989745861696607,3.9440061570096625,0.9391879204774501,0.760131357490097,FC3
A06T,5,"Fz,C3,C4,Pz,POz",17,Learned_BEM_Residual,219,219000,True,2.9645659923553467,2.3228957653045654,0.973035454750061,0.9466907978057861,4.011632609698233,1.8989745861696607,3.9440061570096625,0.9391879204774501,0.760131357490097,FC1
A06T,5,"Fz,C3,C4,Pz,POz",17,Learned_BEM_Residual,219,219000,True,4.200204849243164,3.296376943588257,0.9533901810646057,0.9082717299461365,4.011632609698233,1.8989745861696607,3.9440061570096625,0.9391879204774501,0.760131357490097,FCz
A06T,5,"Fz,C3,C4,Pz,POz",17,Learned_BEM_Residual,219,219000,True,2.9048011302948,2.285376787185669,0.9754818081855774,0.9512494802474976,4.011632609698233,1.8989745861696607,3.9440061570096625,0.9391879204774501,0.760131357490097,FC2
A06T,5,"Fz,C3,C4,Pz,POz",17,Learned_BEM_Residual,219,219000,True,2.7055511474609375,2.132917642593384,0.9769481420516968,0.9544053077697754,4.011632609698233,1.8989745861696607,3.9440061570096625,0.9391879204774501,0.760131357490097,FC4
A06T,5,"Fz,C3,C4,Pz,POz",17,Learned_BEM_Residual,219,219000,True,4.26148796081543,3.3656249046325684,0.9136359095573425,0.8333587646484375,4.011632609698233,1.8989745861696607,3.9440061570096625,0.9391879204774501,0.760131357490097,C5
A06T,5,"Fz,C3,C4,Pz,POz",17,Learned_BEM_Residual,219,219000,True,2.8484764099121094,2.248614549636841,0.9735377430915833,0.9473568797111511,4.011632609698233,1.8989745861696607,3.9440061570096625,0.9391879204774501,0.760131357490097,C1
A06T,5,"Fz,C3,C4,Pz,POz",17,Learned_BEM_Residual,219,219000,True,4.415590763092041,3.461557149887085,0.9407030940055847,0.8844159841537476,4.011632609698233,1.8989745861696607,3.9440061570096625,0.9391879204774501,0.760131357490097,Cz
A06T,5,"Fz,C3,C4,Pz,POz",17,Learned_BEM_Residual,219,219000,True,3.051082134246826,2.3971333503723145,0.9711833596229553,0.9429807066917419,4.011632609698233,1.8989745861696607,3.9440061570096625,0.9391879204774501,0.760131357490097,C2
A06T,5,"Fz,C3,C4,Pz,POz",17,Learned_BEM_Residual,219,219000,True,4.656553745269775,3.6930441856384277,0.9170327186584473,0.8257505893707275,4.011632609698233,1.8989745861696607,3.9440061570096625,0.9391879204774501,0.760131357490097,C6
A06T,5,"Fz,C3,C4,Pz,POz",17,Learned_BEM_Residual,219,219000,True,2.9013657569885254,2.2548797130584717,0.9712878465652466,0.9424088597297668,4.011632609698233,1.8989745861696607,3.9440061570096625,0.9391879204774501,0.760131357490097,CP3
A06T,5,"Fz,C3,C4,Pz,POz",17,Learned_BEM_Residual,219,219000,True,2.5826077461242676,2.038853883743286,0.9780828952789307,0.9566039443016052,4.011632609698233,1.8989745861696607,3.9440061570096625,0.9391879204774501,0.760131357490097,CP1
A06T,5,"Fz,C3,C4,Pz,POz",17,Learned_BEM_Residual,219,219000,True,2.7889904975891113,2.203733205795288,0.975523829460144,0.9512155055999756,4.011632609698233,1.8989745861696607,3.9440061570096625,0.9391879204774501,0.760131357490097,CPz
A06T,5,"Fz,C3,C4,Pz,POz",17,Learned_BEM_Residual,219,219000,True,2.1948108673095703,1.7202247381210327,0.9845866560935974,0.969196617603302,4.011632609698233,1.8989745861696607,3.9440061570096625,0.9391879204774501,0.760131357490097,CP2
A06T,5,"Fz,C3,C4,Pz,POz",17,Learned_BEM_Residual,219,219000,True,3.1928951740264893,2.4692625999450684,0.9692596197128296,0.9374698400497437,4.011632609698233,1.8989745861696607,3.9440061570096625,0.9391879204774501,0.760131357490097,CP4
A06T,5,"Fz,C3,C4,Pz,POz",17,Learned_BEM_Residual,219,219000,True,2.236654281616211,1.7298038005828857,0.9828797578811646,0.9659949541091919,4.011632609698233,1.8989745861696607,3.9440061570096625,0.9391879204774501,0.760131357490097,P1
A06T,5,"Fz,C3,C4,Pz,POz",17,Learned_BEM_Residual,219,219000,True,2.894296407699585,2.168322801589966,0.9729828238487244,0.9465103149414062,4.011632609698233,1.8989745861696607,3.9440061570096625,0.9391879204774501,0.760131357490097,P2
A06T,10,"Fz,FC3,FC4,C3,Cz,C4,CP3,CP4,Pz,POz",12,Learned_BEM_Residual,219,219000,True,2.5178444385528564,1.8713557720184326,0.9793012142181396,0.958977475046953,2.856386471655625,2.4444053285774126,4.341892007569757,0.9791001812966803,0.8816630658604035,
A06T,10,"Fz,FC3,FC4,C3,Cz,C4,CP3,CP4,Pz,POz",12,Learned_BEM_Residual,219,219000,True,2.143601655960083,1.6729013919830322,0.9860510230064392,0.9721283912658691,2.856386471655625,2.4444053285774126,4.341892007569757,0.9791001812966803,0.8816630658604035,FC1
A06T,10,"Fz,FC3,FC4,C3,Cz,C4,CP3,CP4,Pz,POz",12,Learned_BEM_Residual,219,219000,True,2.5465505123138428,2.0009942054748535,0.9843401908874512,0.9662812948226929,2.856386471655625,2.4444053285774126,4.341892007569757,0.9791001812966803,0.8816630658604035,FCz
A06T,10,"Fz,FC3,FC4,C3,Cz,C4,CP3,CP4,Pz,POz",12,Learned_BEM_Residual,219,219000,True,2.2367773056030273,1.7729226350784302,0.9855858683586121,0.9710942506790161,2.856386471655625,2.4444053285774126,4.341892007569757,0.9791001812966803,0.8816630658604035,FC2
A06T,10,"Fz,FC3,FC4,C3,Cz,C4,CP3,CP4,Pz,POz",12,Learned_BEM_Residual,219,219000,True,3.951807975769043,3.115755796432495,0.925858199596405,0.8566961288452148,2.856386471655625,2.4444053285774126,4.341892007569757,0.9791001812966803,0.8816630658604035,C5
A06T,10,"Fz,FC3,FC4,C3,Cz,C4,CP3,CP4,Pz,POz",12,Learned_BEM_Residual,219,219000,True,2.044884443283081,1.635159969329834,0.9864136576652527,0.9728697538375854,2.856386471655625,2.4444053285774126,4.341892007569757,0.9791001812966803,0.8816630658604035,C1
A06T,10,"Fz,FC3,FC4,C3,Cz,C4,CP3,CP4,Pz,POz",12,Learned_BEM_Residual,219,219000,True,2.191331624984741,1.7319451570510864,0.9852026104927063,0.9705876111984253,2.856386471655625,2.4444053285774126,4.341892007569757,0.9791001812966803,0.8816630658604035,C2
A06T,10,"Fz,FC3,FC4,C3,Cz,C4,CP3,CP4,Pz,POz",12,Learned_BEM_Residual,219,219000,True,4.242191791534424,3.371441125869751,0.9332903623580933,0.8553810715675354,2.856386471655625,2.4444053285774126,4.341892007569757,0.9791001812966803,0.8816630658604035,C6
A06T,10,"Fz,FC3,FC4,C3,Cz,C4,CP3,CP4,Pz,POz",12,Learned_BEM_Residual,219,219000,True,2.175330638885498,1.7295185327529907,0.9845010042190552,0.9692123532295227,2.856386471655625,2.4444053285774126,4.341892007569757,0.9791001812966803,0.8816630658604035,CP1
A06T,10,"Fz,FC3,FC4,C3,Cz,C4,CP3,CP4,Pz,POz",12,Learned_BEM_Residual,219,219000,True,1.7975608110427856,1.432616114616394,0.9899135231971741,0.979734480381012,2.856386471655625,2.4444053285774126,4.341892007569757,0.9791001812966803,0.8816630658604035,CPz
A06T,10,"Fz,FC3,FC4,C3,Cz,C4,CP3,CP4,Pz,POz",12,Learned_BEM_Residual,219,219000,True,1.3829549551010132,1.0899300575256348,0.9939001202583313,0.9877700805664062,2.856386471655625,2.4444053285774126,4.341892007569757,0.9791001812966803,0.8816630658604035,CP2
A06T,10,"Fz,FC3,FC4,C3,Cz,C4,CP3,CP4,Pz,POz",12,Learned_BEM_Residual,219,219000,True,1.6166813373565674,1.2566072940826416,0.9912050366401672,0.9822338819503784,2.856386471655625,2.4444053285774126,4.341892007569757,0.9791001812966803,0.8816630658604035,P1
A06T,10,"Fz,FC3,FC4,C3,Cz,C4,CP3,CP4,Pz,POz",12,Learned_BEM_Residual,219,219000,True,2.213909864425659,1.6464132070541382,0.9844823479652405,0.968703031539917,2.856386471655625,2.4444053285774126,4.341892007569757,0.9791001812966803,0.8816630658604035,P2
A06T,15,"Fz,FC3,FC1,FC2,FC4,C3,C1,Cz,C2,C4,CP3,CP1,CP2,CP4,Pz",7,Learned_BEM_Residual,219,219000,True,2.8691601753234863,2.132502317428589,0.9717884063720703,0.9440290378510806,2.4082710639868323,2.7519568197872024,4.887301534802402,0.9634741492808888,1.174491342202986,
A06T,15,"Fz,FC3,FC1,FC2,FC4,C3,C1,Cz,C2,C4,CP3,CP1,CP2,CP4,Pz",7,Learned_BEM_Residual,219,219000,True,2.135570764541626,1.6790146827697754,0.9888201951980591,0.9762868881225586,2.4082710639868323,2.7519568197872024,4.887301534802402,0.9634741492808888,1.174491342202986,FCz
A06T,15,"Fz,FC3,FC1,FC2,FC4,C3,C1,Cz,C2,C4,CP3,CP1,CP2,CP4,Pz",7,Learned_BEM_Residual,219,219000,True,3.8556792736053467,3.033989667892456,0.9297420978546143,0.8635847568511963,2.4082710639868323,2.7519568197872024,4.887301534802402,0.9634741492808888,1.174491342202986,C5
A06T,15,"Fz,FC3,FC1,FC2,FC4,C3,C1,Cz,C2,C4,CP3,CP1,CP2,CP4,Pz",7,Learned_BEM_Residual,219,219000,True,4.053991317749023,3.226112127304077,0.9380638599395752,0.8679274916648865,2.4082710639868323,2.7519568197872024,4.887301534802402,0.9634741492808888,1.174491342202986,C6
A06T,15,"Fz,FC3,FC1,FC2,FC4,C3,C1,Cz,C2,C4,CP3,CP1,CP2,CP4,Pz",7,Learned_BEM_Residual,219,219000,True,1.7397617101669312,1.3906817436218262,0.9904890656471252,0.9810163974761963,2.4082710639868323,2.7519568197872024,4.887301534802402,0.9634741492808888,1.174491342202986,CPz
A06T,15,"Fz,FC3,FC1,FC2,FC4,C3,C1,Cz,C2,C4,CP3,CP1,CP2,CP4,Pz",7,Learned_BEM_Residual,219,219000,True,1.6721608638763428,1.3080898523330688,0.990511953830719,0.9809934496879578,2.4082710639868323,2.7519568197872024,4.887301534802402,0.9634741492808888,1.174491342202986,P1
A06T,15,"Fz,FC3,FC1,FC2,FC4,C3,C1,Cz,C2,C4,CP3,CP1,CP2,CP4,Pz",7,Learned_BEM_Residual,219,219000,True,2.3126094341278076,1.7535090446472168,0.9827978014945984,0.965849757194519,2.4082710639868323,2.7519568197872024,4.887301534802402,0.9634741492808888,1.174491342202986,P2
A06T,15,"Fz,FC3,FC1,FC2,FC4,C3,C1,Cz,C2,C4,CP3,CP1,CP2,CP4,Pz",7,Learned_BEM_Residual,219,219000,True,3.2540321350097656,2.5361251831054688,0.9635573029518127,0.9246730208396912,2.4082710639868323,2.7519568197872024,4.887301534802402,0.9634741492808888,1.174491342202986,POz
A07T,5,"Fz,C3,C4,Pz,POz",17,Learned_BEM_Residual,271,271000,True,2.1748719215393066,1.696344256401062,0.9675866961479187,0.9361286165430318,1.3450185568076105,0.8556721156000267,0.566947876046765,1.1906174061422836,0.29187450342492127,
A07T,5,"Fz,C3,C4,Pz,POz",17,Learned_BEM_Residual,271,271000,True,2.099177598953247,1.6566014289855957,0.9633881449699402,0.9279389381408691,1.3450185568076105,0.8556721156000267,0.566947876046765,1.1906174061422836,0.29187450342492127,FC3
A07T,5,"Fz,C3,C4,Pz,POz",17,Learned_BEM_Residual,271,271000,True,2.131014823913574,1.6728318929672241,0.9691835641860962,0.939150333404541,1.3450185568076105,0.8556721156000267,0.566947876046765,1.1906174061422836,0.29187450342492127,FC1
A07T,5,"Fz,C3,C4,Pz,POz",17,Learned_BEM_Residual,271,271000,True,2.475135326385498,1.957022786140442,0.9623255729675293,0.9259772300720215,1.3450185568076105,0.8556721156000267,0.566947876046765,1.1906174061422836,0.29187450342492127,FCz
A07T,5,"Fz,C3,C4,Pz,POz",17,Learned_BEM_Residual,271,271000,True,2.364856004714966,1.8522639274597168,0.9653167724609375,0.931631863117218,1.3450185568076105,0.8556721156000267,0.566947876046765,1.1906174061422836,0.29187450342492127,FC2
A07T,5,"Fz,C3,C4,Pz,POz",17,Learned_BEM_Residual,271,271000,True,2.0493624210357666,1.6154210567474365,0.9720385670661926,0.9443669319152832,1.3450185568076105,0.8556721156000267,0.566947876046765,1.1906174061422836,0.29187450342492127,FC4
A07T,5,"Fz,C3,C4,Pz,POz",17,Learned_BEM_Residual,271,271000,True,2.4634270668029785,1.9629038572311401,0.9194574952125549,0.84433913230896,1.3450185568076105,0.8556721156000267,0.566947876046765,1.1906174061422836,0.29187450342492127,C5
A07T,5,"Fz,C3,C4,Pz,POz",17,Learned_BEM_Residual,271,271000,True,2.2203540802001953,1.7672395706176758,0.965665340423584,0.9320319890975952,1.3450185568076105,0.8556721156000267,0.566947876046765,1.1906174061422836,0.29187450342492127,C1
A07T,5,"Fz,C3,C4,Pz,POz",17,Learned_BEM_Residual,271,271000,True,2.9272756576538086,2.310643434524536,0.9486067891120911,0.899329662322998,1.3450185568076105,0.8556721156000267,0.566947876046765,1.1906174061422836,0.29187450342492127,Cz
A07T,5,"Fz,C3,C4,Pz,POz",17,Learned_BEM_Residual,271,271000,True,2.1232621669769287,1.685010313987732,0.9718000888824463,0.9433401226997375,1.3450185568076105,0.8556721156000267,0.566947876046765,1.1906174061422836,0.29187450342492127,C2
A07T,5,"Fz,C3,C4,Pz,POz",17,Learned_BEM_Residual,271,271000,True,2.847430467605591,2.252800464630127,0.9334364533424377,0.871292233467102,1.3450185568076105,0.8556721156000267,0.566947876046765,1.1906174061422836,0.29187450342492127,C6
A07T,5,"Fz,C3,C4,Pz,POz",17,Learned_BEM_Residual,271,271000,True,2.059605598449707,1.661084532737732,0.9668336510658264,0.9344897270202637,1.3450185568076105,0.8556721156000267,0.566947876046765,1.1906174061422836,0.29187450342492127,CP3
A07T,5,"Fz,C3,C4,Pz,POz",17,Learned_BEM_Residual,271,271000,True,1.9856486320495605,1.5879313945770264,0.9738783240318298,0.947557806968689,1.3450185568076105,0.8556721156000267,0.566947876046765,1.1906174061422836,0.29187450342492127,CP1
A07T,5,"Fz,C3,C4,Pz,POz",17,Learned_BEM_Residual,271,271000,True,2.081949234008789,1.6605805158615112,0.9742802977561951,0.9489232897758484,1.3450185568076105,0.8556721156000267,0.566947876046765,1.1906174061422836,0.29187450342492127,CPz
A07T,5,"Fz,C3,C4,Pz,POz",17,Learned_BEM_Residual,271,271000,True,1.4939125776290894,1.1876553297042847,0.9862785339355469,0.9724562168121338,1.3450185568076105,0.8556721156000267,0.566947876046765,1.1906174061422836,0.29187450342492127,CP2
A07T,5,"Fz,C3,C4,Pz,POz",17,Learned_BEM_Residual,271,271000,True,2.0001301765441895,1.5953439474105835,0.9740580916404724,0.9480366706848145,1.3450185568076105,0.8556721156000267,0.566947876046765,1.1906174061422836,0.29187450342492127,CP4
A07T,5,"Fz,C3,C4,Pz,POz",17,Learned_BEM_Residual,271,271000,True,1.5620094537734985,1.2524909973144531,0.9846023321151733,0.9689476490020752,1.3450185568076105,0.8556721156000267,0.566947876046765,1.1906174061422836,0.29187450342492127,P1
A07T,5,"Fz,C3,C4,Pz,POz",17,Learned_BEM_Residual,271,271000,True,1.471009373664856,1.1598011255264282,0.9872059226036072,0.9737372398376465,1.3450185568076105,0.8556721156000267,0.566947876046765,1.1906174061422836,0.29187450342492127,P2
A07T,10,"Fz,FC3,FC4,C3,Cz,C4,CP3,CP4,Pz,POz",12,Learned_BEM_Residual,271,271000,True,1.761865496635437,1.3641600608825684,0.9790326952934265,0.9583991654546435,0.7364970683360205,0.4596486102663837,0.3935591360298544,0.5794479014344183,0.2215018897191116,
A07T,10,"Fz,FC3,FC4,C3,Cz,C4,CP3,CP4,Pz,POz",12,Learned_BEM_Residual,271,271000,True,1.6750952005386353,1.3321764469146729,0.9810625910758972,0.9624024629592896,0.7364970683360205,0.4596486102663837,0.3935591360298544,0.5794479014344183,0.2215018897191116,FC1
A07T,10,"Fz,FC3,FC4,C3,Cz,C4,CP3,CP4,Pz,POz",12,Learned_BEM_Residual,271,271000,True,1.5281106233596802,1.2093689441680908,0.9858100414276123,0.9717853665351868,0.7364970683360205,0.4596486102663837,0.3935591360298544,0.5794479014344183,0.2215018897191116,FCz
A07T,10,"Fz,FC3,FC4,C3,Cz,C4,CP3,CP4,Pz,POz",12,Learned_BEM_Residual,271,271000,True,2.0102219581604004,1.5805888175964355,0.9750894904136658,0.9506001472473145,0.7364970683360205,0.4596486102663837,0.3935591360298544,0.5794479014344183,0.2215018897191116,FC2
A07T,10,"Fz,FC3,FC4,C3,Cz,C4,CP3,CP4,Pz,POz",12,Learned_BEM_Residual,271,271000,True,2.235856056213379,1.7720601558685303,0.9349319338798523,0.8717684149742126,0.7364970683360205,0.4596486102663837,0.3935591360298544,0.5794479014344183,0.2215018897191116,C5
A07T,10,"Fz,FC3,FC4,C3,Cz,C4,CP3,CP4,Pz,POz",12,Learned_BEM_Residual,271,271000,True,1.6709790229797363,1.3407548666000366,0.980583131313324,0.9615051746368408,0.7364970683360205,0.4596486102663837,0.3935591360298544,0.5794479014344183,0.2215018897191116,C1
A07T,10,"Fz,FC3,FC4,C3,Cz,C4,CP3,CP4,Pz,POz",12,Learned_BEM_Residual,271,271000,True,1.65401029586792,1.3257043361663818,0.9828537702560425,0.9656168818473816,0.7364970683360205,0.4596486102663837,0.3935591360298544,0.5794479014344183,0.2215018897191116,C2
A07T,10,"Fz,FC3,FC4,C3,Cz,C4,CP3,CP4,Pz,POz",12,Learned_BEM_Residual,271,271000,True,2.715627431869507,2.1337223052978516,0.9402695894241333,0.8829317688941956,0.7364970683360205,0.4596486102663837,0.3935591360298544,0.5794479014344183,0.2215018897191116,C6
A07T,10,"Fz,FC3,FC4,C3,Cz,C4,CP3,CP4,Pz,POz",12,Learned_BEM_Residual,271,271000,True,1.499396800994873,1.201659917831421,0.9850004315376282,0.9700971245765686,0.7364970683360205,0.4596486102663837,0.3935591360298544,0.5794479014344183,0.2215018897191116,CP1
A07T,10,"Fz,FC3,FC4,C3,Cz,C4,CP3,CP4,Pz,POz",12,Learned_BEM_Residual,271,271000,True,1.5269168615341187,1.2115951776504517,0.9862011075019836,0.9725261330604553,0.7364970683360205,0.4596486102663837,0.3935591360298544,0.5794479014344183,0.2215018897191116,CPz
A07T,10,"Fz,FC3,FC4,C3,Cz,C4,CP3,CP4,Pz,POz",12,Learned_BEM_Residual,271,271000,True,1.0261367559432983,0.810737669467926,0.9936525821685791,0.9870048761367798,0.7364970683360205,0.4596486102663837,0.3935591360298544,0.5794479014344183,0.2215018897191116,CP2
A07T,10,"Fz,FC3,FC4,C3,Cz,C4,CP3,CP4,Pz,POz",12,Learned_BEM_Residual,271,271000,True,1.7129243612289429,1.4484293460845947,0.9812171459197998,0.9626580476760864,0.7364970683360205,0.4596486102663837,0.3935591360298544,0.5794479014344183,0.2215018897191116,P1
A07T,10,"Fz,FC3,FC4,C3,Cz,C4,CP3,CP4,Pz,POz",12,Learned_BEM_Residual,271,271000,True,1.263728380203247,1.003054141998291,0.9905626177787781,0.9806171655654907,0.7364970683360205,0.4596486102663837,0.3935591360298544,0.5794479014344183,0.2215018897191116,P2
A07T,15,"Fz,FC3,FC1,FC2,FC4,C3,C1,Cz,C2,C4,CP3,CP1,CP2,CP4,Pz",7,Learned_BEM_Residual,271,271000,True,1.904076099395752,1.4689099788665771,0.9752558469772339,0.9510538358632206,1.4436111287154088,0.32953469379516137,0.5055537750220764,0.7960785831177372,0.23666401266570572,
A07T,15,"Fz,FC3,FC1,FC2,FC4,C3,C1,Cz,C2,C4,CP3,CP1,CP2,CP4,Pz",7,Learned_BEM_Residual,271,271000,True,1.3206861019134521,1.0409564971923828,0.9894682765007019,0.9789252877235413,1.4436111287154088,0.32953469379516137,0.5055537750220764,0.7960785831177372,0.23666401266570572,FCz
A07T,15,"Fz,FC3,FC1,FC2,FC4,C3,C1,Cz,C2,C4,CP3,CP1,CP2,CP4,Pz",7,Learned_BEM_Residual,271,271000,True,2.010666608810425,1.5832240581512451,0.9482096433639526,0.8962987661361694,1.4436111287154088,0.32953469379516137,0.5055537750220764,0.7960785831177372,0.23666401266570572,C5
A07T,15,"Fz,FC3,FC1,FC2,FC4,C3,C1,Cz,C2,C4,CP3,CP1,CP2,CP4,Pz",7,Learned_BEM_Residual,271,271000,True,2.3996059894561768,1.8664339780807495,0.9536978602409363,0.9085913896560669,1.4436111287154088,0.32953469379516137,0.5055537750220764,0.7960785831177372,0.23666401266570572,C6
A07T,15,"Fz,FC3,FC1,FC2,FC4,C3,C1,Cz,C2,C4,CP3,CP1,CP2,CP4,Pz",7,Learned_BEM_Residual,271,271000,True,1.408839464187622,1.1155034303665161,0.9882534742355347,0.9766116142272949,1.4436111287154088,0.32953469379516137,0.5055537750220764,0.7960785831177372,0.23666401266570572,CPz
A07T,15,"Fz,FC3,FC1,FC2,FC4,C3,C1,Cz,C2,C4,CP3,CP1,CP2,CP4,Pz",7,Learned_BEM_Residual,271,271000,True,1.8655939102172852,1.5676093101501465,0.9776630997657776,0.9557057023048401,1.4436111287154088,0.32953469379516137,0.5055537750220764,0.7960785831177372,0.23666401266570572,P1
A07T,15,"Fz,FC3,FC1,FC2,FC4,C3,C1,Cz,C2,C4,CP3,CP1,CP2,CP4,Pz",7,Learned_BEM_Residual,271,271000,True,1.3754066228866577,1.091687798500061,0.9885619282722473,0.9770402312278748,1.4436111287154088,0.32953469379516137,0.5055537750220764,0.7960785831177372,0.23666401266570572,P2
A07T,15,"Fz,FC3,FC1,FC2,FC4,C3,C1,Cz,C2,C4,CP3,CP1,CP2,CP4,Pz",7,Learned_BEM_Residual,271,271000,True,2.5445468425750732,2.016874313354492,0.9626127481460571,0.9263144135475159,1.4436111287154088,0.32953469379516137,0.5055537750220764,0.7960785831177372,0.23666401266570572,POz
A08T,5,"Fz,C3,C4,Pz,POz",17,Learned_BEM_Residual,264,264000,True,2.738032579421997,2.10428786277771,0.9770078659057617,0.9541788163787197,3.0321355579125258,1.8788083695884683,6.34722447275388,2.4885479413484233,0.7991816622276854,
A08T,5,"Fz,C3,C4,Pz,POz",17,Learned_BEM_Residual,264,264000,True,2.448244094848633,1.9139565229415894,0.9799567461013794,0.9582160711288452,3.0321355579125258,1.8788083695884683,6.34722447275388,2.4885479413484233,0.7991816622276854,FC3
A08T,5,"Fz,C3,C4,Pz,POz",17,Learned_BEM_Residual,264,264000,True,2.385575294494629,1.8735952377319336,0.9835623502731323,0.9667820930480957,3.0321355579125258,1.8788083695884683,6.34722447275388,2.4885479413484233,0.7991816622276854,FC1
A08T,5,"Fz,C3,C4,Pz,POz",17,Learned_BEM_Residual,264,264000,True,2.948671340942383,2.328195810317993,0.9770930409431458,0.9542334079742432,3.0321355579125258,1.8788083695884683,6.34722447275388,2.4885479413484233,0.7991816622276854,FCz
A08T,5,"Fz,C3,C4,Pz,POz",17,Learned_BEM_Residual,264,264000,True,2.79038667678833,2.1948161125183105,0.9790335893630981,0.9583379626274109,3.0321355579125258,1.8788083695884683,6.34722447275388,2.4885479413484233,0.7991816622276854,FC2
A08T,5,"Fz,C3,C4,Pz,POz",17,Learned_BEM_Residual,264,264000,True,2.9074673652648926,2.25388503074646,0.9769653081893921,0.9531354308128357,3.0321355579125258,1.8788083695884683,6.34722447275388,2.4885479413484233,0.7991816622276854,FC4
A08T,5,"Fz,C3,C4,Pz,POz",17,Learned_BEM_Residual,264,264000,True,3.093503713607788,2.4358980655670166,0.9450415968894958,0.8928176164627075,3.0321355579125258,1.8788083695884683,6.34722447275388,2.4885479413484233,0.7991816622276854,C5
A08T,5,"Fz,C3,C4,Pz,POz",17,Learned_BEM_Residual,264,264000,True,2.4036858081817627,1.9066914319992065,0.9816927909851074,0.9634372591972351,3.0321355579125258,1.8788083695884683,6.34722447275388,2.4885479413484233,0.7991816622276854,C1
A08T,5,"Fz,C3,C4,Pz,POz",17,Learned_BEM_Residual,264,264000,True,3.634493827819824,2.8621087074279785,0.9649782180786133,0.9299037456512451,3.0321355579125258,1.8788083695884683,6.34722447275388,2.4885479413484233,0.7991816622276854,Cz
A08T,5,"Fz,C3,C4,Pz,POz",17,Learned_BEM_Residual,264,264000,True,2.406208038330078,1.902980923652649,0.9834402799606323,0.9670588374137878,3.0321355579125258,1.8788083695884683,6.34722447275388,2.4885479413484233,0.7991816622276854,C2
A08T,5,"Fz,C3,C4,Pz,POz",17,Learned_BEM_Residual,264,264000,True,3.3516886234283447,2.6140542030334473,0.9666266441345215,0.9287116527557373,3.0321355579125258,1.8788083695884683,6.34722447275388,2.4885479413484233,0.7991816622276854,C6
A08T,5,"Fz,C3,C4,Pz,POz",17,Learned_BEM_Residual,264,264000,True,3.7232282161712646,2.886920690536499,0.9458206295967102,0.8945277333259583,3.0321355579125258,1.8788083695884683,6.34722447275388,2.4885479413484233,0.7991816622276854,CP3
A08T,5,"Fz,C3,C4,Pz,POz",17,Learned_BEM_Residual,264,264000,True,2.274953842163086,1.8018717765808105,0.9826185703277588,0.9655239582061768,3.0321355579125258,1.8788083695884683,6.34722447275388,2.4885479413484233,0.7991816622276854,CP1
A08T,5,"Fz,C3,C4,Pz,POz",17,Learned_BEM_Residual,264,264000,True,2.0705041885375977,1.6416550874710083,0.9875451326370239,0.9751414656639099,3.0321355579125258,1.8788083695884683,6.34722447275388,2.4885479413484233,0.7991816622276854,CPz
A08T,5,"Fz,C3,C4,Pz,POz",17,Learned_BEM_Residual,264,264000,True,2.0205774307250977,1.5863019227981567,0.9883229732513428,0.9767797589302063,3.0321355579125258,1.8788083695884683,6.34722447275388,2.4885479413484233,0.7991816622276854,CP2
A08T,5,"Fz,C3,C4,Pz,POz",17,Learned_BEM_Residual,264,264000,True,3.017073154449463,2.3149731159210205,0.9753110408782959,0.9505817294120789,3.0321355579125258,1.8788083695884683,6.34722447275388,2.4885479413484233,0.7991816622276854,CP4
A08T,5,"Fz,C3,C4,Pz,POz",17,Learned_BEM_Residual,264,264000,True,2.168508291244507,1.700290322303772,0.9844298362731934,0.9690068960189819,3.0321355579125258,1.8788083695884683,6.34722447275388,2.4885479413484233,0.7991816622276854,P1
A08T,5,"Fz,C3,C4,Pz,POz",17,Learned_BEM_Residual,264,264000,True,2.0061020851135254,1.554579257965088,0.9884563684463501,0.97690349817276,3.0321355579125258,1.8788083695884683,6.34722447275388,2.4885479413484233,0.7991816622276854,P2
A08T,10,"Fz,FC3,FC4,C3,Cz,C4,CP3,CP4,Pz,POz",12,Learned_BEM_Residual,264,264000,True,1.9152034521102905,1.474806785583496,0.9886773228645325,0.9774670337404625,1.1095895696265814,0.47463152842142636,2.7301734258362913,1.9412152245567815,0.8169040338920945,
A08T,10,"Fz,FC3,FC4,C3,Cz,C4,CP3,CP4,Pz,POz",12,Learned_BEM_Residual,264,264000,True,1.7511991262435913,1.3908971548080444,0.9910613298416138,0.9821000695228577,1.1095895696265814,0.47463152842142636,2.7301734258362913,1.9412152245567815,0.8169040338920945,FC1
A08T,10,"Fz,FC3,FC4,C3,Cz,C4,CP3,CP4,Pz,POz",12,Learned_BEM_Residual,264,264000,True,1.867071509361267,1.4792081117630005,0.9913702607154846,0.9816506505012512,1.1095895696265814,0.47463152842142636,2.7301734258362913,1.9412152245567815,0.8169040338920945,FCz
A08T,10,"Fz,FC3,FC4,C3,Cz,C4,CP3,CP4,Pz,POz",12,Learned_BEM_Residual,264,264000,True,2.0807406902313232,1.6464227437973022,0.9886924624443054,0.9768339395523071,1.1095895696265814,0.47463152842142636,2.7301734258362913,1.9412152245567815,0.8169040338920945,FC2
A08T,10,"Fz,FC3,FC4,C3,Cz,C4,CP3,CP4,Pz,POz",12,Learned_BEM_Residual,264,264000,True,2.6972875595092773,2.13049054145813,0.9591966867446899,0.9185171127319336,1.1095895696265814,0.47463152842142636,2.7301734258362913,1.9412152245567815,0.8169040338920945,C5
A08T,10,"Fz,FC3,FC4,C3,Cz,C4,CP3,CP4,Pz,POz",12,Learned_BEM_Residual,264,264000,True,1.7204687595367432,1.3857834339141846,0.9906286597251892,0.9812683463096619,1.1095895696265814,0.47463152842142636,2.7301734258362913,1.9412152245567815,0.8169040338920945,C1
A08T,10,"Fz,FC3,FC4,C3,Cz,C4,CP3,CP4,Pz,POz",12,Learned_BEM_Residual,264,264000,True,1.8157732486724854,1.4461623430252075,0.990931510925293,0.981241762638092,1.1095895696265814,0.47463152842142636,2.7301734258362913,1.9412152245567815,0.8169040338920945,C2
A08T,10,"Fz,FC3,FC4,C3,Cz,C4,CP3,CP4,Pz,POz",12,Learned_BEM_Residual,264,264000,True,2.7866530418395996,2.18270206451416,0.9764683246612549,0.9507219791412354,1.1095895696265814,0.47463152842142636,2.7301734258362913,1.9412152245567815,0.8169040338920945,C6
A08T,10,"Fz,FC3,FC4,C3,Cz,C4,CP3,CP4,Pz,POz",12,Learned_BEM_Residual,264,264000,True,1.7919367551803589,1.4297337532043457,0.9893059730529785,0.9786098003387451,1.1095895696265814,0.47463152842142636,2.7301734258362913,1.9412152245567815,0.8169040338920945,CP1
A08T,10,"Fz,FC3,FC4,C3,Cz,C4,CP3,CP4,Pz,POz",12,Learned_BEM_Residual,264,264000,True,1.3920838832855225,1.1014336347579956,0.9944474697113037,0.9887627959251404,1.1095895696265814,0.47463152842142636,2.7301734258362913,1.9412152245567815,0.8169040338920945,CPz
A08T,10,"Fz,FC3,FC4,C3,Cz,C4,CP3,CP4,Pz,POz",12,Learned_BEM_Residual,264,264000,True,1.355648398399353,1.0660400390625,0.9948924779891968,0.9895477890968323,1.1095895696265814,0.47463152842142636,2.7301734258362913,1.9412152245567815,0.8169040338920945,CP2
A08T,10,"Fz,FC3,FC4,C3,Cz,C4,CP3,CP4,Pz,POz",12,Learned_BEM_Residual,264,264000,True,1.627903938293457,1.281211256980896,0.9913833737373352,0.9825337529182434,1.1095895696265814,0.47463152842142636,2.7301734258362913,1.9412152245567815,0.8169040338920945,P1
A08T,10,"Fz,FC3,FC4,C3,Cz,C4,CP3,CP4,Pz,POz",12,Learned_BEM_Residual,264,264000,True,1.4820374250411987,1.1575413942337036,0.9938653111457825,0.987394392490387,1.1095895696265814,0.47463152842142636,2.7301734258362913,1.9412152245567815,0.8169040338920945,P2
A08T,15,"Fz,FC3,FC1,FC2,FC4,C3,C1,Cz,C2,C4,CP3,CP1,CP2,CP4,Pz",7,Learned_BEM_Residual,264,264000,True,2.2337515354156494,1.6688735485076904,0.984228253364563,0.9685967207705872,1.5958099071405494,0.6658915843937814,3.7101667822747983,2.558149049558272,1.0007599753344267,
A08T,15,"Fz,FC3,FC1,FC2,FC4,C3,C1,Cz,C2,C4,CP3,CP1,CP2,CP4,Pz",7,Learned_BEM_Residual,264,264000,True,1.5917216539382935,1.2580628395080566,0.9933972954750061,0.9866635799407959,1.5958099071405494,0.6658915843937814,3.7101667822747983,2.558149049558272,1.0007599753344267,FCz
A08T,15,"Fz,FC3,FC1,FC2,FC4,C3,C1,Cz,C2,C4,CP3,CP1,CP2,CP4,Pz",7,Learned_BEM_Residual,264,264000,True,2.5016937255859375,1.9699028730392456,0.9647636413574219,0.9299046993255615,1.5958099071405494,0.6658915843937814,3.7101667822747983,2.558149049558272,1.0007599753344267,C5
A08T,15,"Fz,FC3,FC1,FC2,FC4,C3,C1,Cz,C2,C4,CP3,CP1,CP2,CP4,Pz",7,Learned_BEM_Residual,264,264000,True,2.5557820796966553,2.0044193267822266,0.9801124334335327,0.9585487842559814,1.5958099071405494,0.6658915843937814,3.7101667822747983,2.558149049558272,1.0007599753344267,C6
A08T,15,"Fz,FC3,FC1,FC2,FC4,C3,C1,Cz,C2,C4,CP3,CP1,CP2,CP4,Pz",7,Learned_BEM_Residual,264,264000,True,1.2937575578689575,1.0189385414123535,0.995236337184906,0.9902940392494202,1.5958099071405494,0.6658915843937814,3.7101667822747983,2.558149049558272,1.0007599753344267,CPz
A08T,15,"Fz,FC3,FC1,FC2,FC4,C3,C1,Cz,C2,C4,CP3,CP1,CP2,CP4,Pz",7,Learned_BEM_Residual,264,264000,True,1.7839007377624512,1.4050785303115845,0.9895285367965698,0.9790257811546326,1.5958099071405494,0.6658915843937814,3.7101667822747983,2.558149049558272,1.0007599753344267,P1
A08T,15,"Fz,FC3,FC1,FC2,FC4,C3,C1,Cz,C2,C4,CP3,CP1,CP2,CP4,Pz",7,Learned_BEM_Residual,264,264000,True,1.6840466260910034,1.3209998607635498,0.991900622844696,0.9837237000465393,1.5958099071405494,0.6658915843937814,3.7101667822747983,2.558149049558272,1.0007599753344267,P2
A08T,15,"Fz,FC3,FC1,FC2,FC4,C3,C1,Cz,C2,C4,CP3,CP1,CP2,CP4,Pz",7,Learned_BEM_Residual,264,264000,True,3.450906991958618,2.704662799835205,0.9662755131721497,0.9326592683792114,1.5958099071405494,0.6658915843937814,3.7101667822747983,2.558149049558272,1.0007599753344267,POz
A09T,5,"Fz,C3,C4,Pz,POz",17,Learned_BEM_Residual,237,237000,True,3.491933822631836,2.6800200939178467,0.9659931063652039,0.9331010911412597,2.8595750037698,2.7967231036177496,8.29905270220987,1.6574263475197626,0.15713938024854227,
A09T,5,"Fz,C3,C4,Pz,POz",17,Learned_BEM_Residual,237,237000,True,3.390089750289917,2.6382758617401123,0.9616553783416748,0.9211146831512451,2.8595750037698,2.7967231036177496,8.29905270220987,1.6574263475197626,0.15713938024854227,FC3
A09T,5,"Fz,C3,C4,Pz,POz",17,Learned_BEM_Residual,237,237000,True,3.1559457778930664,2.468719482421875,0.9695693850517273,0.9399913549423218,2.8595750037698,2.7967231036177496,8.29905270220987,1.6574263475197626,0.15713938024854227,FC1
A09T,5,"Fz,C3,C4,Pz,POz",17,Learned_BEM_Residual,237,237000,True,4.0527024269104,3.1869678497314453,0.9546758532524109,0.911231517791748,2.8595750037698,2.7967231036177496,8.29905270220987,1.6574263475197626,0.15713938024854227,FCz
A09T,5,"Fz,C3,C4,Pz,POz",17,Learned_BEM_Residual,237,237000,True,3.097569227218628,2.4283037185668945,0.9727905988693237,0.9462871551513672,2.8595750037698,2.7967231036177496,8.29905270220987,1.6574263475197626,0.15713938024854227,FC2
A09T,5,"Fz,C3,C4,Pz,POz",17,Learned_BEM_Residual,237,237000,True,3.4777092933654785,2.7186782360076904,0.9645790457725525,0.929316520690918,2.8595750037698,2.7967231036177496,8.29905270220987,1.6574263475197626,0.15713938024854227,FC4
A09T,5,"Fz,C3,C4,Pz,POz",17,Learned_BEM_Residual,237,237000,True,3.870884895324707,3.0416579246520996,0.9302024245262146,0.8558640480041504,2.8595750037698,2.7967231036177496,8.29905270220987,1.6574263475197626,0.15713938024854227,C5
A09T,5,"Fz,C3,C4,Pz,POz",17,Learned_BEM_Residual,237,237000,True,3.280026435852051,2.5949530601501465,0.9675481915473938,0.9360981583595276,2.8595750037698,2.7967231036177496,8.29905270220987,1.6574263475197626,0.15713938024854227,C1
A09T,5,"Fz,C3,C4,Pz,POz",17,Learned_BEM_Residual,237,237000,True,5.111809253692627,4.02760648727417,0.928541362285614,0.862148642539978,2.8595750037698,2.7967231036177496,8.29905270220987,1.6574263475197626,0.15713938024854227,Cz
A09T,5,"Fz,C3,C4,Pz,POz",17,Learned_BEM_Residual,237,237000,True,3.009657621383667,2.380512237548828,0.9742202162742615,0.9488311409950256,2.8595750037698,2.7967231036177496,8.29905270220987,1.6574263475197626,0.15713938024854227,C2
A09T,5,"Fz,C3,C4,Pz,POz",17,Learned_BEM_Residual,237,237000,True,4.031839847564697,3.172717809677124,0.9482935070991516,0.8984761238098145,2.8595750037698,2.7967231036177496,8.29905270220987,1.6574263475197626,0.15713938024854227,C6
A09T,5,"Fz,C3,C4,Pz,POz",17,Learned_BEM_Residual,237,237000,True,3.9359099864959717,2.9879894256591797,0.9596807360649109,0.9202325344085693,2.8595750037698,2.7967231036177496,8.29905270220987,1.6574263475197626,0.15713938024854227,CP3
A09T,5,"Fz,C3,C4,Pz,POz",17,Learned_BEM_Residual,237,237000,True,2.6994123458862305,2.1151506900787354,0.9798758029937744,0.9601445198059082,2.8595750037698,2.7967231036177496,8.29905270220987,1.6574263475197626,0.15713938024854227,CP1
A09T,5,"Fz,C3,C4,Pz,POz",17,Learned_BEM_Residual,237,237000,True,3.061819076538086,2.4140796661376953,0.9761748313903809,0.9528566598892212,2.8595750037698,2.7967231036177496,8.29905270220987,1.6574263475197626,0.15713938024854227,CPz
A09T,5,"Fz,C3,C4,Pz,POz",17,Learned_BEM_Residual,237,237000,True,2.4152660369873047,1.879119634628296,0.9852016568183899,0.9704108238220215,2.8595750037698,2.7967231036177496,8.29905270220987,1.6574263475197626,0.15713938024854227,CP2
A09T,5,"Fz,C3,C4,Pz,POz",17,Learned_BEM_Residual,237,237000,True,3.789937734603882,2.9244182109832764,0.9684422016143799,0.9366464614868164,2.8595750037698,2.7967231036177496,8.29905270220987,1.6574263475197626,0.15713938024854227,CP4
A09T,5,"Fz,C3,C4,Pz,POz",17,Learned_BEM_Residual,237,237000,True,3.0387425422668457,2.3125057220458984,0.9789335131645203,0.9574310779571533,2.8595750037698,2.7967231036177496,8.29905270220987,1.6574263475197626,0.15713938024854227,P1
A09T,5,"Fz,C3,C4,Pz,POz",17,Learned_BEM_Residual,237,237000,True,2.990274667739868,2.2683682441711426,0.9809282422065735,0.9621466398239136,2.8595750037698,2.7967231036177496,8.29905270220987,1.6574263475197626,0.15713938024854227,P2
A09T,10,"Fz,FC3,FC4,C3,Cz,C4,CP3,CP4,Pz,POz",12,Learned_BEM_Residual,237,237000,True,2.324506998062134,1.7384759187698364,0.9849988222122192,0.9701366794509869,1.8763170660715716,1.3534406913240895,4.9402872196666845,0.9202356743648824,0.11603037034590526,
A09T,10,"Fz,FC3,FC4,C3,Cz,C4,CP3,CP4,Pz,POz",12,Learned_BEM_Residual,237,237000,True,1.8859484195709229,1.492035984992981,0.9892697334289551,0.9785701632499695,1.8763170660715716,1.3534406913240895,4.9402872196666845,0.9202356743648824,0.11603037034590526,FC1
A09T,10,"Fz,FC3,FC4,C3,Cz,C4,CP3,CP4,Pz,POz",12,Learned_BEM_Residual,237,237000,True,2.2323033809661865,1.7629730701446533,0.9864891171455383,0.9730674028396606,1.8763170660715716,1.3534406913240895,4.9402872196666845,0.9202356743648824,0.11603037034590526,FCz
A09T,10,"Fz,FC3,FC4,C3,Cz,C4,CP3,CP4,Pz,POz",12,Learned_BEM_Residual,237,237000,True,2.1094534397125244,1.6665247678756714,0.9879211783409119,0.9750904440879822,1.8763170660715716,1.3534406913240895,4.9402872196666845,0.9202356743648824,0.11603037034590526,FC2
A09T,10,"Fz,FC3,FC4,C3,Cz,C4,CP3,CP4,Pz,POz",12,Learned_BEM_Residual,237,237000,True,3.560734987258911,2.7995619773864746,0.9431483149528503,0.878034770488739,1.8763170660715716,1.3534406913240895,4.9402872196666845,0.9202356743648824,0.11603037034590526,C5
A09T,10,"Fz,FC3,FC4,C3,Cz,C4,CP3,CP4,Pz,POz",12,Learned_BEM_Residual,237,237000,True,1.7574701309204102,1.4111696481704712,0.9908104538917542,0.9816540479660034,1.8763170660715716,1.3534406913240895,4.9402872196666845,0.9202356743648824,0.11603037034590526,C1
A09T,10,"Fz,FC3,FC4,C3,Cz,C4,CP3,CP4,Pz,POz",12,Learned_BEM_Residual,237,237000,True,1.893071174621582,1.5130159854888916,0.9899992942810059,0.979755163192749,1.8763170660715716,1.3534406913240895,4.9402872196666845,0.9202356743648824,0.11603037034590526,C2
A09T,10,"Fz,FC3,FC4,C3,Cz,C4,CP3,CP4,Pz,POz",12,Learned_BEM_Residual,237,237000,True,3.8637094497680664,3.0472733974456787,0.9543827176094055,0.9067670702934265,1.8763170660715716,1.3534406913240895,4.9402872196666845,0.9202356743648824,0.11603037034590526,C6
A09T,10,"Fz,FC3,FC4,C3,Cz,C4,CP3,CP4,Pz,POz",12,Learned_BEM_Residual,237,237000,True,1.7120325565338135,1.3657137155532837,0.991997480392456,0.9839683175086975,1.8763170660715716,1.3534406913240895,4.9402872196666845,0.9202356743648824,0.11603037034590526,CP1
A09T,10,"Fz,FC3,FC4,C3,Cz,C4,CP3,CP4,Pz,POz",12,Learned_BEM_Residual,237,237000,True,1.6655693054199219,1.3176429271697998,0.9930056929588318,0.9860495924949646,1.8763170660715716,1.3534406913240895,4.9402872196666845,0.9202356743648824,0.11603037034590526,CPz
A09T,10,"Fz,FC3,FC4,C3,Cz,C4,CP3,CP4,Pz,POz",12,Learned_BEM_Residual,237,237000,True,1.3500337600708008,1.0433152914047241,0.9953709244728088,0.9907552599906921,1.8763170660715716,1.3534406913240895,4.9402872196666845,0.9202356743648824,0.11603037034590526,CP2
A09T,10,"Fz,FC3,FC4,C3,Cz,C4,CP3,CP4,Pz,POz",12,Learned_BEM_Residual,237,237000,True,2.324315071105957,1.81492018699646,0.9876735210418701,0.9750945568084717,1.8763170660715716,1.3534406913240895,4.9402872196666845,0.9202356743648824,0.11603037034590526,P1
A09T,10,"Fz,FC3,FC4,C3,Cz,C4,CP3,CP4,Pz,POz",12,Learned_BEM_Residual,237,237000,True,2.1532599925994873,1.6275428533554077,0.9901854991912842,0.98037189245224,1.8763170660715716,1.3534406913240895,4.9402872196666845,0.9202356743648824,0.11603037034590526,P2
A09T,15,"Fz,FC3,FC1,FC2,FC4,C3,C1,Cz,C2,C4,CP3,CP1,CP2,CP4,Pz",7,Learned_BEM_Residual,237,237000,True,2.945012092590332,2.1447081565856934,0.9778910279273987,0.9561601250976449,4.990408513199983,1.7087809627595385,12.384311774392915,1.1073059065928572,0.13624985391577002,
A09T,15,"Fz,FC3,FC1,FC2,FC4,C3,C1,Cz,C2,C4,CP3,CP1,CP2,CP4,Pz",7,Learned_BEM_Residual,237,237000,True,1.5613571405410767,1.2341442108154297,0.9933939576148987,0.9868240356445312,4.990408513199983,1.7087809627595385,12.384311774392915,1.1073059065928572,0.13624985391577002,FCz
A09T,15,"Fz,FC3,FC1,FC2,FC4,C3,C1,Cz,C2,C4,CP3,CP1,CP2,CP4,Pz",7,Learned_BEM_Residual,237,237000,True,3.3082706928253174,2.5906753540039062,0.949847400188446,0.8947169184684753,4.990408513199983,1.7087809627595385,12.384311774392915,1.1073059065928572,0.13624985391577002,C5
A09T,15,"Fz,FC3,FC1,FC2,FC4,C3,C1,Cz,C2,C4,CP3,CP1,CP2,CP4,Pz",7,Learned_BEM_Residual,237,237000,True,3.4869425296783447,2.7384934425354004,0.9618447422981262,0.9240630269050598,4.990408513199983,1.7087809627595385,12.384311774392915,1.1073059065928572,0.13624985391577002,C6
A09T,15,"Fz,FC3,FC1,FC2,FC4,C3,C1,Cz,C2,C4,CP3,CP1,CP2,CP4,Pz",7,Learned_BEM_Residual,237,237000,True,1.5102401971817017,1.1977505683898926,0.9943866729736328,0.9885303378105164,4.990408513199983,1.7087809627595385,12.384311774392915,1.1073059065928572,0.13624985391577002,CPz
A09T,15,"Fz,FC3,FC1,FC2,FC4,C3,C1,Cz,C2,C4,CP3,CP1,CP2,CP4,Pz",7,Learned_BEM_Residual,237,237000,True,2.3837804794311523,1.8649693727493286,0.986825168132782,0.9738040566444397,4.990408513199983,1.7087809627595385,12.384311774392915,1.1073059065928572,0.13624985391577002,P1
A09T,15,"Fz,FC3,FC1,FC2,FC4,C3,C1,Cz,C2,C4,CP3,CP1,CP2,CP4,Pz",7,Learned_BEM_Residual,237,237000,True,2.2116825580596924,1.7061750888824463,0.9898757934570312,0.9792925119400024,4.990408513199983,1.7087809627595385,12.384311774392915,1.1073059065928572,0.13624985391577002,P2
A09T,15,"Fz,FC3,FC1,FC2,FC4,C3,C1,Cz,C2,C4,CP3,CP1,CP2,CP4,Pz",7,Learned_BEM_Residual,237,237000,True,4.723511219024658,3.68066668510437,0.9620079398155212,0.921340823173523,4.990408513199983,1.7087809627595385,12.384311774392915,1.1073059065928572,0.13624985391577002,POz
